;Project 1 - Qualification 1;Project 1 - Qualification 2;Project 1 - Qualification 3;Project 1 - Qualification 4;Project 1 - Qualification 5;Project 1 - Qualification 6;Project 1 - Qualification 7;Project 1 - Qualification 8;Project 1 - Qualification 9;Project 1 - Qualification 10;Project 2 - Qualification 1;Project 2 - Qualification 2;Project 2 - Qualification 3;Project 2 - Qualification 4;Project 2 - Qualification 5;Project 2 - Qualification 6;Project 2 - Qualification 7;Project 2 - Qualification 8;Project 2 - Qualification 9;Project 2 - Qualification 10;Project 3 - Qualification 1;Project 3 - Qualification 2;Project 3 - Qualification 3;Project 3 - Qualification 4;Project 3 - Qualification 5;Project 3 - Qualification 6;Project 3 - Qualification 7;Project 3 - Qualification 8;Project 3 - Qualification 9;Project 3 - Qualification 10;Project 4 - Qualification 1;Project 4 - Qualification 2;Project 4 - Qualification 3;Project 4 - Qualification 4;Project 4 - Qualification 5;Project 4 - Qualification 6;Project 4 - Qualification 7;Project 4 - Qualification 8;Project 4 - Qualification 9;Project 4 - Qualification 10;Project 5 - Qualification 1;Project 5 - Qualification 2;Project 5 - Qualification 3;Project 5 - Qualification 4;Project 5 - Qualification 5;Project 5 - Qualification 6;Project 5 - Qualification 7;Project 5 - Qualification 8;Project 5 - Qualification 9;Project 5 - Qualification 10;Project 6 - Qualification 1;Project 6 - Qualification 2;Project 6 - Qualification 3;Project 6 - Qualification 4;Project 6 - Qualification 5;Project 6 - Qualification 6;Project 6 - Qualification 7;Project 6 - Qualification 8;Project 6 - Qualification 9;Project 6 - Qualification 10;Project 7 - Qualification 1;Project 7 - Qualification 2;Project 7 - Qualification 3;Project 7 - Qualification 4;Project 7 - Qualification 5;Project 7 - Qualification 6;Project 7 - Qualification 7;Project 7 - Qualification 8;Project 7 - Qualification 9;Project 7 - Qualification 10;Project 8 - Qualification 1;Project 8 - Qualification 2;Project 8 - Qualification 3;Project 8 - Qualification 4;Project 8 - Qualification 5;Project 8 - Qualification 6;Project 8 - Qualification 7;Project 8 - Qualification 8;Project 8 - Qualification 9;Project 8 - Qualification 10;Project 9 - Qualification 1;Project 9 - Qualification 2;Project 9 - Qualification 3;Project 9 - Qualification 4;Project 9 - Qualification 5;Project 9 - Qualification 6;Project 9 - Qualification 7;Project 9 - Qualification 8;Project 9 - Qualification 9;Project 9 - Qualification 10;Project 10 - Qualification 1;Project 10 - Qualification 2;Project 10 - Qualification 3;Project 10 - Qualification 4;Project 10 - Qualification 5;Project 10 - Qualification 6;Project 10 - Qualification 7;Project 10 - Qualification 8;Project 10 - Qualification 9;Project 10 - Qualification 10;Project 11 - Qualification 1;Project 11 - Qualification 2;Project 11 - Qualification 3;Project 11 - Qualification 4;Project 11 - Qualification 5;Project 11 - Qualification 6;Project 11 - Qualification 7;Project 11 - Qualification 8;Project 11 - Qualification 9;Project 11 - Qualification 10;Project 12 - Qualification 1;Project 12 - Qualification 2;Project 12 - Qualification 3;Project 12 - Qualification 4;Project 12 - Qualification 5;Project 12 - Qualification 6;Project 12 - Qualification 7;Project 12 - Qualification 8;Project 12 - Qualification 9;Project 12 - Qualification 10;Project 13 - Qualification 1;Project 13 - Qualification 2;Project 13 - Qualification 3;Project 13 - Qualification 4;Project 13 - Qualification 5;Project 13 - Qualification 6;Project 13 - Qualification 7;Project 13 - Qualification 8;Project 13 - Qualification 9;Project 13 - Qualification 10;Project 14 - Qualification 1;Project 14 - Qualification 2;Project 14 - Qualification 3;Project 14 - Qualification 4;Project 14 - Qualification 5;Project 14 - Qualification 6;Project 14 - Qualification 7;Project 14 - Qualification 8;Project 14 - Qualification 9;Project 14 - Qualification 10;Project 15 - Qualification 1;Project 15 - Qualification 2;Project 15 - Qualification 3;Project 15 - Qualification 4;Project 15 - Qualification 5;Project 15 - Qualification 6;Project 15 - Qualification 7;Project 15 - Qualification 8;Project 15 - Qualification 9;Project 15 - Qualification 10;sum_column
Staff 1 - Horizon 1;0.0;0.0;0.0;0.0;0.0;0.0;0.0;0.0;0.0;0.0;0.0;0.0;0.0;0.0;0.0;0.0;0.0;0.0;0.0;0.0;0.0;0.0;0.0;0.0;0.0;0.0;0.0;0.0;0.0;0.0;0.0;0.0;0.0;0.0;0.0;0.0;0.0;0.0;0.0;0.0;0.0;0.0;0.0;0.0;0.0;0.0;0.0;0.0;0.0;0.0;0.0;0.0;0.0;0.0;0.0;0.0;0.0;0.0;0.0;0.0;0.0;0.0;0.0;0.0;0.0;0.0;0.0;0.0;0.0;0.0;0.0;0.0;0.0;0.0;0.0;0.0;0.0;0.0;0.0;0.0;0.0;0.0;0.0;0.0;0.0;0.0;0.0;0.0;0.0;0.0;0.0;0.0;0.0;0.0;0.0;0.0;0.0;0.0;0.0;0.0;0.0;0.0;0.0;0.0;0.0;0.0;0.0;0.0;0.0;0.0;0.0;0.0;0.0;0.0;0.0;0.0;0.0;0.0;0.0;0.0;0.0;0.0;0.0;0.0;0.0;0.0;0.0;0.0;0.0;0.0;0.0;0.0;0.0;0.0;0.0;0.0;0.0;0.0;0.0;0.0;0.0;0.0;0.0;0.0;0.0;0.0;0.0;0.0;0.0;0.0;0.0
Staff 1 - Horizon 2;0.0;0.0;0.0;0.0;0.0;0.0;0.0;0.0;0.0;0.0;0.0;0.0;0.0;0.0;0.0;0.0;0.0;0.0;0.0;0.0;0.0;0.0;0.0;0.0;0.0;0.0;0.0;0.0;0.0;0.0;0.0;0.0;0.0;0.0;0.0;0.0;0.0;0.0;0.0;0.0;0.0;0.0;0.0;0.0;0.0;0.0;0.0;0.0;0.0;0.0;0.0;0.0;0.0;0.0;0.0;0.0;0.0;0.0;0.0;0.0;0.0;0.0;0.0;0.0;0.0;0.0;0.0;0.0;0.0;0.0;0.0;0.0;0.0;0.0;0.0;0.0;0.0;0.0;0.0;0.0;0.0;0.0;0.0;0.0;0.0;0.0;0.0;0.0;0.0;0.0;0.0;0.0;0.0;0.0;0.0;0.0;0.0;0.0;0.0;0.0;0.0;0.0;0.0;0.0;0.0;0.0;0.0;0.0;0.0;0.0;0.0;0.0;0.0;0.0;0.0;0.0;0.0;0.0;0.0;0.0;0.0;0.0;0.0;0.0;0.0;0.0;0.0;0.0;0.0;0.0;0.0;0.0;0.0;0.0;0.0;0.0;0.0;0.0;0.0;0.0;0.0;0.0;0.0;0.0;0.0;0.0;0.0;0.0;0.0;0.0;0.0
Staff 1 - Horizon 3;0.0;0.0;-0.0;0.0;0.0;0.0;0.0;0.0;-0.0;0.0;0.0;0.0;-0.0;0.0;0.0;-0.0;0.0;0.0;-0.0;0.0;0.0;0.0;-0.0;0.0;0.0;-0.0;0.0;0.0;0.0;0.0;0.0;0.0;0.0;0.0;0.0;0.0;0.0;0.0;0.0;0.0;0.0;0.0;0.0;0.0;0.0;1.0;0.0;0.0;-0.0;0.0;0.0;0.0;0.0;0.0;0.0;0.0;0.0;0.0;0.0;0.0;0.0;0.0;0.0;0.0;0.0;0.0;0.0;0.0;0.0;0.0;0.0;0.0;0.0;0.0;0.0;0.0;0.0;0.0;0.0;0.0;0.0;0.0;0.0;0.0;0.0;0.0;0.0;0.0;0.0;0.0;0.0;0.0;0.0;0.0;0.0;0.0;0.0;0.0;0.0;0.0;0.0;0.0;0.0;0.0;0.0;0.0;0.0;0.0;0.0;0.0;0.0;0.0;0.0;0.0;0.0;0.0;0.0;0.0;0.0;0.0;0.0;0.0;0.0;0.0;0.0;0.0;0.0;0.0;0.0;0.0;0.0;0.0;0.0;0.0;0.0;0.0;0.0;0.0;0.0;0.0;0.0;0.0;0.0;0.0;0.0;0.0;0.0;0.0;0.0;0.0;1.0
Staff 1 - Horizon 4;0.0;0.0;-0.0;0.0;0.0;0.0;0.0;0.0;-0.0;0.0;0.0;0.0;-0.0;0.0;0.0;-0.0;0.0;0.0;-0.0;0.0;0.0;0.0;1.0;0.0;0.0;0.0;0.0;0.0;0.0;0.0;0.0;0.0;-0.0;0.0;0.0;0.0;0.0;0.0;0.0;0.0;0.0;0.0;0.0;0.0;0.0;-0.0;0.0;0.0;-0.0;0.0;0.0;0.0;0.0;0.0;0.0;0.0;0.0;0.0;0.0;0.0;0.0;0.0;0.0;0.0;0.0;0.0;0.0;0.0;0.0;0.0;0.0;0.0;0.0;0.0;0.0;0.0;0.0;0.0;0.0;0.0;0.0;0.0;0.0;0.0;0.0;0.0;0.0;0.0;0.0;0.0;0.0;0.0;0.0;0.0;0.0;0.0;0.0;0.0;0.0;0.0;0.0;0.0;0.0;0.0;0.0;0.0;0.0;0.0;0.0;0.0;0.0;0.0;0.0;0.0;0.0;0.0;0.0;0.0;0.0;0.0;0.0;0.0;0.0;0.0;0.0;0.0;0.0;0.0;0.0;0.0;0.0;0.0;0.0;0.0;0.0;0.0;0.0;0.0;0.0;0.0;0.0;0.0;0.0;0.0;0.0;0.0;0.0;0.0;0.0;0.0;1.0
Staff 1 - Horizon 5;0.0;0.0;-0.0;0.0;0.0;0.0;0.0;0.0;-0.0;0.0;0.0;0.0;-0.0;0.0;0.0;-0.0;0.0;0.0;-0.0;0.0;0.0;0.0;1.0;0.0;0.0;-0.0;0.0;0.0;0.0;0.0;0.0;0.0;0.0;0.0;0.0;0.0;0.0;0.0;0.0;0.0;0.0;0.0;0.0;0.0;0.0;-0.0;0.0;0.0;-0.0;0.0;0.0;0.0;0.0;0.0;0.0;0.0;0.0;0.0;0.0;0.0;0.0;0.0;0.0;0.0;0.0;0.0;0.0;0.0;0.0;0.0;0.0;0.0;0.0;0.0;0.0;0.0;0.0;0.0;0.0;0.0;0.0;0.0;0.0;0.0;0.0;0.0;0.0;0.0;0.0;0.0;0.0;0.0;0.0;0.0;0.0;0.0;0.0;0.0;0.0;0.0;0.0;0.0;0.0;0.0;0.0;0.0;0.0;0.0;0.0;0.0;0.0;0.0;0.0;0.0;0.0;0.0;0.0;0.0;0.0;0.0;0.0;0.0;0.0;0.0;0.0;0.0;0.0;0.0;0.0;0.0;0.0;0.0;0.0;0.0;0.0;0.0;0.0;0.0;0.0;0.0;0.0;0.0;0.0;0.0;0.0;0.0;0.0;0.0;0.0;0.0;1.0
Staff 1 - Horizon 6;0.0;0.0;-0.0;0.0;0.0;0.0;0.0;0.0;-0.0;0.0;0.0;0.0;-0.0;0.0;0.0;-0.0;0.0;0.0;-0.0;0.0;0.0;0.0;-0.0;0.0;0.0;-0.0;0.0;0.0;0.0;0.0;0.0;0.0;0.0;0.0;0.0;0.0;0.0;0.0;0.0;0.0;0.0;0.0;0.0;0.0;0.0;1.0;0.0;0.0;-0.0;0.0;0.0;0.0;0.0;0.0;0.0;0.0;0.0;0.0;0.0;0.0;0.0;0.0;0.0;0.0;0.0;0.0;0.0;0.0;0.0;0.0;0.0;0.0;0.0;0.0;0.0;0.0;0.0;0.0;0.0;0.0;0.0;0.0;0.0;0.0;0.0;0.0;0.0;0.0;0.0;0.0;0.0;0.0;0.0;0.0;0.0;0.0;0.0;0.0;0.0;0.0;0.0;0.0;0.0;0.0;0.0;0.0;0.0;0.0;0.0;0.0;0.0;0.0;0.0;0.0;0.0;0.0;0.0;0.0;0.0;0.0;0.0;0.0;0.0;0.0;0.0;0.0;0.0;0.0;0.0;0.0;0.0;0.0;0.0;0.0;0.0;0.0;0.0;0.0;0.0;0.0;0.0;0.0;0.0;0.0;0.0;0.0;0.0;0.0;0.0;0.0;1.0
Staff 1 - Horizon 7;0.0;0.0;-0.0;0.0;0.0;0.0;0.0;0.0;-0.0;0.0;0.0;0.0;-0.0;0.0;0.0;-0.0;0.0;0.0;-0.0;0.0;0.0;0.0;1.0;0.0;0.0;-0.0;0.0;0.0;0.0;0.0;0.0;0.0;0.0;0.0;0.0;0.0;0.0;0.0;0.0;0.0;0.0;0.0;0.0;0.0;0.0;-0.0;0.0;0.0;-0.0;0.0;0.0;0.0;0.0;0.0;0.0;0.0;0.0;0.0;0.0;0.0;0.0;0.0;0.0;0.0;0.0;0.0;0.0;0.0;0.0;0.0;0.0;0.0;0.0;0.0;0.0;0.0;0.0;0.0;0.0;0.0;0.0;0.0;0.0;0.0;0.0;0.0;0.0;0.0;0.0;0.0;0.0;0.0;0.0;0.0;0.0;0.0;0.0;0.0;0.0;0.0;0.0;0.0;0.0;0.0;0.0;0.0;0.0;0.0;0.0;0.0;0.0;0.0;0.0;0.0;0.0;0.0;0.0;0.0;0.0;0.0;0.0;0.0;0.0;0.0;0.0;0.0;0.0;0.0;0.0;0.0;0.0;0.0;0.0;0.0;0.0;0.0;0.0;0.0;0.0;0.0;0.0;0.0;0.0;0.0;0.0;0.0;0.0;0.0;0.0;0.0;1.0
Staff 1 - Horizon 8;0.0;0.0;-0.0;0.0;0.0;0.0;0.0;0.0;-0.0;0.0;0.0;0.0;-0.0;0.0;0.0;-0.0;0.0;0.0;-0.0;0.0;0.0;0.0;-0.0;0.0;0.0;1.0;0.0;0.0;0.0;0.0;0.0;0.0;0.0;0.0;0.0;0.0;0.0;0.0;0.0;0.0;0.0;0.0;0.0;0.0;0.0;-0.0;0.0;0.0;-0.0;0.0;0.0;0.0;0.0;0.0;0.0;0.0;0.0;0.0;0.0;0.0;0.0;0.0;0.0;0.0;0.0;0.0;0.0;0.0;0.0;0.0;0.0;0.0;0.0;0.0;0.0;0.0;0.0;0.0;0.0;0.0;0.0;0.0;0.0;0.0;0.0;0.0;0.0;0.0;0.0;0.0;0.0;0.0;0.0;0.0;0.0;0.0;0.0;0.0;0.0;0.0;0.0;0.0;0.0;0.0;0.0;0.0;0.0;0.0;0.0;0.0;0.0;0.0;0.0;0.0;0.0;0.0;0.0;0.0;0.0;0.0;0.0;0.0;0.0;0.0;0.0;0.0;0.0;0.0;0.0;0.0;0.0;0.0;0.0;0.0;0.0;0.0;0.0;0.0;0.0;0.0;0.0;0.0;0.0;0.0;0.0;0.0;0.0;0.0;0.0;0.0;1.0
Staff 1 - Horizon 9;0.0;0.0;-0.0;0.0;0.0;0.0;0.0;0.0;-0.0;0.0;0.0;0.0;-0.0;0.0;0.0;-0.0;0.0;0.0;-0.0;0.0;0.0;0.0;-0.0;0.0;0.0;-0.0;0.0;0.0;0.0;0.0;0.0;0.0;0.0;0.0;0.0;0.0;0.0;0.0;0.0;0.0;0.0;0.0;0.0;0.0;0.0;1.0;0.0;0.0;-0.0;0.0;0.0;0.0;0.0;0.0;0.0;0.0;0.0;0.0;0.0;0.0;0.0;0.0;0.0;0.0;0.0;0.0;0.0;0.0;0.0;0.0;0.0;0.0;0.0;0.0;0.0;0.0;0.0;0.0;0.0;0.0;0.0;0.0;0.0;0.0;0.0;0.0;0.0;0.0;0.0;0.0;0.0;0.0;0.0;0.0;0.0;0.0;0.0;0.0;0.0;0.0;0.0;0.0;0.0;0.0;0.0;0.0;0.0;0.0;0.0;0.0;0.0;0.0;0.0;0.0;0.0;0.0;0.0;0.0;0.0;0.0;0.0;0.0;0.0;0.0;0.0;0.0;0.0;0.0;0.0;0.0;0.0;0.0;0.0;0.0;0.0;0.0;0.0;0.0;0.0;0.0;0.0;0.0;0.0;0.0;0.0;0.0;0.0;0.0;0.0;0.0;1.0
Staff 1 - Horizon 10;0.0;0.0;-0.0;0.0;0.0;0.0;0.0;0.0;-0.0;0.0;0.0;0.0;-0.0;0.0;0.0;-0.0;0.0;0.0;-0.0;0.0;0.0;0.0;-0.0;0.0;0.0;-0.0;0.0;0.0;0.0;0.0;0.0;0.0;0.0;0.0;0.0;0.0;0.0;0.0;0.0;0.0;0.0;0.0;0.0;0.0;0.0;1.0;0.0;0.0;-0.0;0.0;0.0;0.0;0.0;0.0;0.0;0.0;0.0;0.0;0.0;0.0;0.0;0.0;0.0;0.0;0.0;0.0;0.0;0.0;0.0;0.0;0.0;0.0;0.0;0.0;0.0;0.0;0.0;0.0;0.0;0.0;0.0;0.0;0.0;0.0;0.0;0.0;0.0;0.0;0.0;0.0;0.0;0.0;0.0;0.0;0.0;0.0;0.0;0.0;0.0;0.0;0.0;0.0;0.0;0.0;0.0;0.0;0.0;0.0;0.0;0.0;0.0;0.0;0.0;0.0;0.0;0.0;0.0;0.0;0.0;0.0;0.0;0.0;0.0;0.0;0.0;0.0;0.0;0.0;0.0;0.0;0.0;0.0;0.0;0.0;0.0;0.0;0.0;0.0;0.0;0.0;0.0;0.0;0.0;0.0;0.0;0.0;0.0;0.0;0.0;0.0;1.0
Staff 1 - Horizon 11;0.0;0.0;-0.0;0.0;0.0;0.0;0.0;0.0;-0.0;0.0;0.0;0.0;0.0;0.0;0.0;-0.0;0.0;0.0;-0.0;0.0;0.0;0.0;1.0;0.0;0.0;0.0;0.0;0.0;0.0;0.0;0.0;0.0;-0.0;0.0;0.0;0.0;0.0;0.0;0.0;0.0;0.0;0.0;0.0;0.0;0.0;-0.0;0.0;0.0;-0.0;0.0;0.0;0.0;0.0;0.0;0.0;0.0;0.0;0.0;0.0;0.0;0.0;0.0;0.0;0.0;0.0;0.0;0.0;0.0;0.0;0.0;0.0;0.0;0.0;0.0;0.0;0.0;0.0;0.0;0.0;0.0;0.0;0.0;0.0;0.0;0.0;0.0;0.0;0.0;0.0;0.0;0.0;0.0;0.0;0.0;0.0;0.0;0.0;0.0;0.0;0.0;0.0;0.0;0.0;0.0;0.0;0.0;0.0;0.0;0.0;0.0;0.0;0.0;0.0;0.0;0.0;0.0;0.0;0.0;0.0;0.0;0.0;0.0;0.0;0.0;0.0;0.0;0.0;0.0;0.0;0.0;0.0;0.0;0.0;0.0;0.0;0.0;0.0;0.0;0.0;0.0;0.0;0.0;0.0;0.0;0.0;0.0;0.0;0.0;0.0;0.0;1.0
Staff 1 - Horizon 12;0.0;0.0;1.0;0.0;0.0;0.0;0.0;0.0;-0.0;0.0;0.0;0.0;0.0;0.0;0.0;-0.0;0.0;0.0;-0.0;0.0;0.0;0.0;-0.0;0.0;0.0;0.0;0.0;0.0;0.0;0.0;0.0;0.0;-0.0;0.0;0.0;0.0;0.0;0.0;0.0;0.0;0.0;0.0;0.0;0.0;0.0;-0.0;0.0;0.0;-0.0;0.0;0.0;0.0;0.0;0.0;0.0;0.0;0.0;0.0;0.0;0.0;0.0;0.0;0.0;0.0;0.0;0.0;0.0;0.0;0.0;0.0;0.0;0.0;0.0;0.0;0.0;0.0;0.0;0.0;0.0;0.0;0.0;0.0;0.0;0.0;0.0;0.0;0.0;0.0;0.0;0.0;0.0;0.0;0.0;0.0;0.0;0.0;0.0;0.0;0.0;0.0;0.0;0.0;0.0;0.0;0.0;0.0;0.0;0.0;0.0;0.0;0.0;0.0;0.0;0.0;0.0;0.0;0.0;0.0;0.0;0.0;0.0;0.0;0.0;0.0;0.0;0.0;0.0;0.0;0.0;0.0;0.0;0.0;0.0;0.0;0.0;0.0;0.0;0.0;0.0;0.0;0.0;0.0;0.0;0.0;0.0;0.0;0.0;0.0;0.0;0.0;1.0
Staff 1 - Horizon 13;0.0;0.0;0.0;0.0;0.0;0.0;0.0;0.0;-0.0;0.0;0.0;0.0;0.0;0.0;0.0;-0.0;0.0;0.0;-0.0;0.0;0.0;0.0;-0.0;0.0;0.0;-0.0;0.0;0.0;0.0;0.0;0.0;0.0;1.0;0.0;0.0;0.0;0.0;0.0;0.0;0.0;0.0;0.0;0.0;0.0;0.0;-0.0;0.0;0.0;-0.0;0.0;0.0;0.0;0.0;0.0;0.0;0.0;0.0;0.0;0.0;0.0;0.0;0.0;0.0;0.0;0.0;0.0;0.0;0.0;0.0;0.0;0.0;0.0;0.0;0.0;0.0;0.0;0.0;0.0;0.0;0.0;0.0;0.0;0.0;0.0;0.0;0.0;0.0;0.0;0.0;0.0;0.0;0.0;0.0;0.0;0.0;0.0;0.0;0.0;0.0;0.0;0.0;0.0;0.0;0.0;0.0;0.0;0.0;0.0;0.0;0.0;0.0;0.0;0.0;0.0;0.0;0.0;0.0;0.0;0.0;0.0;0.0;0.0;0.0;0.0;0.0;0.0;0.0;0.0;0.0;0.0;0.0;0.0;0.0;0.0;0.0;0.0;0.0;0.0;0.0;0.0;0.0;0.0;0.0;0.0;0.0;0.0;0.0;0.0;0.0;0.0;1.0
Staff 1 - Horizon 14;0.0;0.0;0.0;0.0;0.0;0.0;0.0;0.0;-0.0;0.0;0.0;0.0;0.0;0.0;0.0;-0.0;0.0;0.0;-0.0;0.0;0.0;0.0;-0.0;0.0;0.0;-0.0;0.0;0.0;0.0;0.0;0.0;0.0;1.0;0.0;0.0;0.0;0.0;0.0;0.0;0.0;0.0;0.0;0.0;0.0;0.0;-0.0;0.0;0.0;-0.0;0.0;0.0;0.0;0.0;0.0;0.0;0.0;0.0;0.0;0.0;0.0;0.0;0.0;0.0;0.0;0.0;0.0;0.0;0.0;0.0;0.0;0.0;0.0;0.0;0.0;0.0;0.0;0.0;0.0;0.0;0.0;0.0;0.0;0.0;0.0;0.0;0.0;0.0;0.0;0.0;0.0;0.0;0.0;0.0;0.0;0.0;0.0;0.0;0.0;0.0;0.0;0.0;0.0;0.0;0.0;0.0;0.0;0.0;0.0;0.0;0.0;0.0;0.0;0.0;0.0;0.0;0.0;0.0;0.0;0.0;0.0;0.0;0.0;0.0;0.0;0.0;0.0;0.0;0.0;0.0;0.0;0.0;0.0;0.0;0.0;0.0;0.0;0.0;0.0;0.0;0.0;0.0;0.0;0.0;0.0;0.0;0.0;0.0;0.0;0.0;0.0;1.0
Staff 1 - Horizon 15;0.0;0.0;-0.0;0.0;0.0;0.0;0.0;0.0;-0.0;0.0;0.0;0.0;0.0;0.0;0.0;-0.0;0.0;0.0;-0.0;0.0;0.0;0.0;-0.0;0.0;0.0;-0.0;0.0;0.0;0.0;0.0;0.0;0.0;1.0;0.0;0.0;0.0;0.0;0.0;0.0;0.0;0.0;0.0;0.0;0.0;0.0;-0.0;0.0;0.0;-0.0;0.0;0.0;0.0;0.0;0.0;0.0;0.0;0.0;0.0;0.0;0.0;0.0;0.0;0.0;0.0;0.0;0.0;0.0;0.0;0.0;0.0;0.0;0.0;0.0;0.0;0.0;0.0;0.0;0.0;0.0;0.0;0.0;0.0;0.0;0.0;0.0;0.0;0.0;0.0;0.0;0.0;0.0;0.0;0.0;0.0;0.0;0.0;0.0;0.0;0.0;0.0;0.0;0.0;0.0;0.0;0.0;0.0;0.0;0.0;0.0;0.0;0.0;0.0;0.0;0.0;0.0;0.0;0.0;0.0;0.0;0.0;0.0;0.0;0.0;0.0;0.0;0.0;0.0;0.0;0.0;0.0;0.0;0.0;0.0;0.0;0.0;0.0;0.0;0.0;0.0;0.0;0.0;0.0;0.0;0.0;0.0;0.0;0.0;0.0;0.0;0.0;1.0
Staff 1 - Horizon 16;0.0;0.0;0.0;0.0;0.0;0.0;0.0;0.0;-0.0;0.0;0.0;0.0;0.0;0.0;0.0;-0.0;0.0;0.0;-0.0;0.0;0.0;0.0;-0.0;0.0;0.0;-0.0;0.0;0.0;0.0;0.0;0.0;0.0;1.0;0.0;0.0;0.0;0.0;0.0;0.0;0.0;0.0;0.0;0.0;0.0;0.0;-0.0;0.0;0.0;-0.0;0.0;0.0;0.0;0.0;0.0;0.0;0.0;0.0;0.0;0.0;0.0;0.0;0.0;0.0;0.0;0.0;0.0;0.0;0.0;0.0;0.0;0.0;0.0;0.0;0.0;0.0;0.0;0.0;0.0;0.0;0.0;0.0;0.0;0.0;0.0;0.0;0.0;0.0;0.0;0.0;0.0;0.0;0.0;0.0;0.0;0.0;0.0;0.0;0.0;0.0;0.0;0.0;0.0;0.0;0.0;0.0;0.0;0.0;0.0;0.0;0.0;0.0;0.0;0.0;0.0;0.0;0.0;0.0;0.0;0.0;0.0;0.0;0.0;0.0;0.0;0.0;0.0;0.0;0.0;0.0;0.0;0.0;0.0;0.0;0.0;0.0;0.0;0.0;0.0;0.0;0.0;0.0;0.0;0.0;0.0;0.0;0.0;0.0;0.0;0.0;0.0;1.0
Staff 1 - Horizon 17;0.0;0.0;0.0;0.0;0.0;0.0;0.0;0.0;-0.0;0.0;0.0;0.0;0.0;0.0;0.0;-0.0;0.0;0.0;-0.0;0.0;0.0;0.0;-0.0;0.0;0.0;-0.0;0.0;0.0;0.0;0.0;0.0;0.0;1.0;0.0;0.0;0.0;0.0;0.0;0.0;0.0;0.0;0.0;0.0;0.0;0.0;-0.0;0.0;0.0;-0.0;0.0;0.0;0.0;0.0;0.0;0.0;0.0;0.0;0.0;0.0;0.0;0.0;0.0;0.0;0.0;0.0;0.0;0.0;0.0;0.0;0.0;0.0;0.0;0.0;0.0;0.0;0.0;0.0;0.0;0.0;0.0;0.0;0.0;0.0;0.0;0.0;0.0;0.0;0.0;0.0;0.0;0.0;0.0;0.0;0.0;0.0;0.0;0.0;0.0;0.0;0.0;0.0;0.0;0.0;0.0;0.0;0.0;0.0;0.0;0.0;0.0;0.0;0.0;0.0;0.0;0.0;0.0;0.0;0.0;0.0;0.0;0.0;0.0;0.0;0.0;0.0;0.0;0.0;0.0;0.0;0.0;0.0;0.0;0.0;0.0;0.0;0.0;0.0;0.0;0.0;0.0;0.0;0.0;0.0;0.0;0.0;0.0;0.0;0.0;0.0;0.0;1.0
Staff 1 - Horizon 18;0.0;0.0;0.0;0.0;0.0;0.0;0.0;0.0;-0.0;0.0;0.0;0.0;-0.0;0.0;0.0;-0.0;0.0;0.0;-0.0;0.0;0.0;0.0;-0.0;0.0;0.0;-0.0;0.0;0.0;0.0;0.0;0.0;0.0;1.0;0.0;0.0;0.0;0.0;0.0;0.0;0.0;0.0;0.0;0.0;0.0;0.0;-0.0;0.0;0.0;-0.0;0.0;0.0;0.0;0.0;0.0;0.0;0.0;0.0;0.0;0.0;0.0;0.0;0.0;0.0;0.0;0.0;0.0;0.0;0.0;0.0;0.0;0.0;0.0;0.0;0.0;0.0;0.0;0.0;0.0;0.0;0.0;0.0;0.0;0.0;0.0;0.0;0.0;0.0;0.0;0.0;0.0;0.0;0.0;0.0;0.0;0.0;0.0;0.0;0.0;0.0;0.0;0.0;0.0;0.0;0.0;0.0;0.0;0.0;0.0;0.0;0.0;0.0;0.0;0.0;0.0;0.0;0.0;0.0;0.0;0.0;0.0;0.0;0.0;0.0;0.0;0.0;0.0;0.0;0.0;0.0;0.0;0.0;0.0;0.0;0.0;0.0;0.0;0.0;0.0;0.0;0.0;0.0;0.0;0.0;0.0;0.0;0.0;0.0;0.0;0.0;0.0;1.0
Staff 1 - Horizon 19;0.0;0.0;1.0;0.0;0.0;0.0;0.0;0.0;-0.0;0.0;0.0;0.0;0.0;0.0;0.0;-0.0;0.0;0.0;-0.0;0.0;0.0;0.0;-0.0;0.0;0.0;-0.0;0.0;0.0;0.0;0.0;0.0;0.0;-0.0;0.0;0.0;0.0;0.0;0.0;0.0;0.0;0.0;0.0;0.0;0.0;0.0;-0.0;0.0;0.0;-0.0;0.0;0.0;0.0;0.0;0.0;0.0;0.0;0.0;0.0;0.0;0.0;0.0;0.0;0.0;0.0;0.0;0.0;0.0;0.0;0.0;0.0;0.0;0.0;0.0;0.0;0.0;0.0;0.0;0.0;0.0;0.0;0.0;0.0;0.0;0.0;0.0;0.0;0.0;0.0;0.0;0.0;0.0;0.0;0.0;0.0;0.0;0.0;0.0;0.0;0.0;0.0;0.0;0.0;0.0;0.0;0.0;0.0;0.0;0.0;0.0;0.0;0.0;0.0;0.0;0.0;0.0;0.0;0.0;0.0;0.0;0.0;0.0;0.0;0.0;0.0;0.0;0.0;0.0;0.0;0.0;0.0;0.0;0.0;0.0;0.0;0.0;0.0;0.0;0.0;0.0;0.0;0.0;0.0;0.0;0.0;0.0;0.0;0.0;0.0;0.0;0.0;1.0
Staff 1 - Horizon 20;0.0;0.0;1.0;0.0;0.0;0.0;0.0;0.0;-0.0;0.0;0.0;0.0;0.0;0.0;0.0;-0.0;0.0;0.0;-0.0;0.0;0.0;0.0;-0.0;0.0;0.0;-0.0;0.0;0.0;0.0;0.0;0.0;0.0;-0.0;0.0;0.0;0.0;0.0;0.0;0.0;0.0;0.0;0.0;0.0;0.0;0.0;-0.0;0.0;0.0;-0.0;0.0;0.0;0.0;0.0;0.0;0.0;0.0;0.0;0.0;0.0;0.0;0.0;0.0;0.0;0.0;0.0;0.0;0.0;0.0;0.0;0.0;0.0;0.0;0.0;0.0;0.0;0.0;0.0;0.0;0.0;0.0;0.0;0.0;0.0;0.0;0.0;0.0;0.0;0.0;0.0;0.0;0.0;0.0;0.0;0.0;0.0;0.0;0.0;0.0;0.0;0.0;0.0;0.0;0.0;0.0;0.0;0.0;0.0;0.0;0.0;0.0;0.0;0.0;0.0;0.0;0.0;0.0;0.0;0.0;0.0;0.0;0.0;0.0;0.0;0.0;0.0;0.0;0.0;0.0;0.0;0.0;0.0;0.0;0.0;0.0;0.0;0.0;0.0;0.0;0.0;0.0;0.0;0.0;0.0;0.0;0.0;0.0;0.0;0.0;0.0;0.0;1.0
Staff 1 - Horizon 21;0.0;0.0;1.0;0.0;0.0;0.0;0.0;0.0;-0.0;0.0;0.0;0.0;-0.0;0.0;0.0;-0.0;0.0;0.0;-0.0;0.0;0.0;0.0;-0.0;0.0;0.0;-0.0;0.0;0.0;0.0;0.0;0.0;0.0;-0.0;0.0;0.0;0.0;0.0;0.0;0.0;0.0;0.0;0.0;0.0;0.0;0.0;-0.0;0.0;0.0;-0.0;0.0;0.0;0.0;0.0;0.0;0.0;0.0;0.0;0.0;0.0;0.0;0.0;0.0;0.0;0.0;0.0;0.0;0.0;0.0;0.0;0.0;0.0;0.0;0.0;0.0;0.0;0.0;0.0;0.0;0.0;0.0;0.0;0.0;0.0;0.0;0.0;0.0;0.0;0.0;0.0;0.0;0.0;0.0;0.0;0.0;0.0;0.0;0.0;0.0;0.0;0.0;0.0;0.0;0.0;0.0;0.0;0.0;0.0;0.0;0.0;0.0;0.0;0.0;0.0;0.0;0.0;0.0;0.0;0.0;0.0;0.0;0.0;0.0;0.0;0.0;0.0;0.0;0.0;0.0;0.0;0.0;0.0;0.0;0.0;0.0;0.0;0.0;0.0;0.0;0.0;0.0;0.0;0.0;0.0;0.0;0.0;0.0;0.0;0.0;0.0;0.0;1.0
Staff 1 - Horizon 22;0.0;0.0;-0.0;0.0;0.0;0.0;0.0;0.0;-0.0;0.0;0.0;0.0;-0.0;0.0;0.0;-0.0;0.0;0.0;-0.0;0.0;0.0;0.0;-0.0;0.0;0.0;-0.0;0.0;0.0;0.0;0.0;0.0;0.0;-0.0;0.0;0.0;0.0;0.0;0.0;0.0;0.0;0.0;0.0;0.0;0.0;0.0;-0.0;0.0;0.0;-0.0;0.0;0.0;0.0;0.0;0.0;0.0;0.0;0.0;0.0;0.0;0.0;0.0;0.0;0.0;0.0;0.0;0.0;0.0;0.0;0.0;0.0;0.0;0.0;0.0;0.0;0.0;0.0;0.0;0.0;0.0;0.0;0.0;0.0;0.0;0.0;0.0;0.0;0.0;0.0;0.0;0.0;0.0;0.0;0.0;0.0;0.0;0.0;0.0;0.0;0.0;0.0;0.0;0.0;0.0;0.0;0.0;0.0;0.0;0.0;0.0;0.0;0.0;0.0;0.0;0.0;0.0;0.0;0.0;0.0;0.0;0.0;0.0;0.0;0.0;0.0;0.0;0.0;0.0;0.0;0.0;0.0;0.0;0.0;0.0;0.0;0.0;0.0;0.0;0.0;0.0;0.0;0.0;0.0;0.0;0.0;0.0;0.0;0.0;0.0;0.0;0.0;0.0
Staff 2 - Horizon 1;0.0;0.0;0.0;0.0;0.0;0.0;0.0;0.0;0.0;0.0;0.0;0.0;0.0;0.0;0.0;0.0;0.0;0.0;0.0;0.0;0.0;0.0;0.0;0.0;0.0;0.0;0.0;0.0;0.0;0.0;0.0;0.0;0.0;0.0;0.0;0.0;0.0;0.0;0.0;0.0;0.0;0.0;0.0;0.0;0.0;0.0;0.0;0.0;0.0;0.0;0.0;0.0;0.0;0.0;0.0;0.0;0.0;0.0;0.0;0.0;0.0;0.0;0.0;0.0;0.0;0.0;0.0;0.0;0.0;0.0;0.0;0.0;0.0;0.0;0.0;0.0;0.0;0.0;0.0;0.0;0.0;0.0;0.0;0.0;0.0;0.0;0.0;0.0;0.0;0.0;0.0;0.0;0.0;0.0;0.0;0.0;0.0;0.0;0.0;0.0;0.0;0.0;0.0;0.0;0.0;0.0;0.0;0.0;0.0;0.0;0.0;0.0;0.0;0.0;0.0;0.0;0.0;0.0;0.0;0.0;0.0;0.0;0.0;0.0;0.0;0.0;0.0;0.0;0.0;0.0;0.0;0.0;0.0;0.0;0.0;0.0;0.0;0.0;0.0;0.0;0.0;0.0;0.0;0.0;0.0;0.0;0.0;0.0;0.0;0.0;0.0
Staff 2 - Horizon 2;0.0;0.0;0.0;0.0;0.0;0.0;0.0;0.0;0.0;0.0;0.0;0.0;0.0;0.0;0.0;0.0;0.0;0.0;0.0;0.0;0.0;0.0;0.0;0.0;0.0;0.0;0.0;0.0;0.0;0.0;0.0;0.0;0.0;0.0;0.0;0.0;0.0;0.0;0.0;0.0;0.0;0.0;0.0;0.0;0.0;0.0;0.0;0.0;0.0;0.0;0.0;0.0;0.0;0.0;0.0;0.0;0.0;0.0;0.0;0.0;0.0;0.0;0.0;0.0;0.0;0.0;0.0;0.0;0.0;0.0;0.0;0.0;0.0;0.0;0.0;0.0;0.0;0.0;0.0;0.0;0.0;0.0;0.0;0.0;0.0;0.0;0.0;0.0;0.0;0.0;0.0;0.0;0.0;0.0;0.0;0.0;0.0;0.0;0.0;0.0;0.0;0.0;0.0;0.0;0.0;0.0;0.0;0.0;0.0;0.0;0.0;0.0;0.0;0.0;0.0;0.0;0.0;0.0;0.0;0.0;0.0;0.0;0.0;0.0;0.0;0.0;0.0;0.0;0.0;0.0;0.0;0.0;0.0;0.0;0.0;0.0;0.0;0.0;0.0;0.0;0.0;0.0;0.0;0.0;0.0;0.0;0.0;0.0;0.0;0.0;0.0
Staff 2 - Horizon 3;0.0;0.0;-0.0;0.0;0.0;0.0;0.0;0.0;0.0;0.0;0.0;0.0;-0.0;-0.0;0.0;0.0;0.0;0.0;0.0;0.0;0.0;0.0;-0.0;0.0;0.0;0.0;0.0;0.0;0.0;0.0;0.0;0.0;-0.0;0.0;0.0;0.0;0.0;0.0;0.0;0.0;0.0;0.0;0.0;1.0;0.0;0.0;0.0;0.0;0.0;0.0;0.0;0.0;0.0;-0.0;0.0;0.0;0.0;-0.0;0.0;0.0;0.0;0.0;0.0;-0.0;0.0;0.0;0.0;-0.0;0.0;0.0;0.0;0.0;0.0;0.0;0.0;0.0;0.0;-0.0;0.0;0.0;0.0;0.0;0.0;0.0;0.0;0.0;0.0;-0.0;0.0;0.0;0.0;0.0;0.0;0.0;0.0;0.0;0.0;0.0;0.0;0.0;0.0;0.0;0.0;0.0;0.0;0.0;0.0;0.0;0.0;0.0;0.0;0.0;0.0;0.0;0.0;0.0;0.0;0.0;0.0;0.0;0.0;0.0;0.0;0.0;0.0;0.0;0.0;0.0;0.0;0.0;0.0;0.0;0.0;0.0;0.0;0.0;0.0;0.0;0.0;0.0;0.0;0.0;0.0;0.0;0.0;0.0;0.0;0.0;0.0;0.0;1.0
Staff 2 - Horizon 4;0.0;0.0;-0.0;0.0;0.0;0.0;0.0;0.0;0.0;0.0;0.0;0.0;-0.0;-0.0;0.0;0.0;0.0;0.0;0.0;0.0;0.0;0.0;-0.0;0.0;0.0;0.0;0.0;0.0;0.0;0.0;0.0;0.0;-0.0;0.0;0.0;0.0;0.0;0.0;0.0;0.0;0.0;0.0;0.0;1.0;0.0;0.0;0.0;0.0;0.0;0.0;0.0;0.0;0.0;-0.0;0.0;0.0;0.0;0.0;0.0;0.0;0.0;0.0;0.0;-0.0;0.0;0.0;0.0;-0.0;0.0;0.0;0.0;0.0;0.0;0.0;0.0;0.0;0.0;-0.0;0.0;0.0;0.0;0.0;0.0;0.0;0.0;0.0;0.0;-0.0;0.0;0.0;0.0;0.0;0.0;0.0;0.0;0.0;0.0;0.0;0.0;0.0;0.0;0.0;0.0;0.0;0.0;0.0;0.0;0.0;0.0;0.0;0.0;0.0;0.0;0.0;0.0;0.0;0.0;0.0;0.0;0.0;0.0;0.0;0.0;0.0;0.0;0.0;0.0;0.0;0.0;0.0;0.0;0.0;0.0;0.0;0.0;0.0;0.0;0.0;0.0;0.0;0.0;0.0;0.0;0.0;0.0;0.0;0.0;0.0;0.0;0.0;1.0
Staff 2 - Horizon 5;0.0;0.0;-0.0;0.0;0.0;0.0;0.0;0.0;0.0;0.0;0.0;0.0;-0.0;-0.0;0.0;0.0;0.0;0.0;0.0;0.0;0.0;0.0;-0.0;0.0;0.0;0.0;0.0;0.0;0.0;0.0;0.0;0.0;-0.0;0.0;0.0;0.0;0.0;0.0;0.0;0.0;0.0;0.0;0.0;1.0;0.0;0.0;0.0;0.0;0.0;0.0;0.0;0.0;0.0;-0.0;0.0;0.0;0.0;0.0;0.0;0.0;0.0;0.0;0.0;-0.0;0.0;0.0;0.0;-0.0;0.0;0.0;0.0;0.0;0.0;0.0;0.0;0.0;0.0;-0.0;0.0;0.0;0.0;0.0;0.0;0.0;0.0;0.0;0.0;-0.0;0.0;0.0;0.0;0.0;0.0;0.0;0.0;0.0;0.0;0.0;0.0;0.0;0.0;0.0;0.0;0.0;0.0;0.0;0.0;0.0;0.0;0.0;0.0;0.0;0.0;0.0;0.0;0.0;0.0;0.0;0.0;0.0;0.0;0.0;0.0;0.0;0.0;0.0;0.0;0.0;0.0;0.0;0.0;0.0;0.0;0.0;0.0;0.0;0.0;0.0;0.0;0.0;0.0;0.0;0.0;0.0;0.0;0.0;0.0;0.0;0.0;0.0;1.0
Staff 2 - Horizon 6;0.0;0.0;-0.0;0.0;0.0;0.0;0.0;0.0;0.0;0.0;0.0;0.0;-0.0;-0.0;0.0;0.0;0.0;0.0;0.0;0.0;0.0;0.0;-0.0;0.0;0.0;0.0;0.0;0.0;0.0;0.0;0.0;0.0;-0.0;0.0;0.0;0.0;0.0;0.0;0.0;0.0;0.0;0.0;0.0;1.0;0.0;0.0;0.0;0.0;0.0;0.0;0.0;0.0;0.0;-0.0;0.0;0.0;0.0;-0.0;0.0;0.0;0.0;0.0;0.0;-0.0;0.0;0.0;0.0;-0.0;0.0;0.0;0.0;0.0;0.0;0.0;0.0;0.0;0.0;-0.0;0.0;0.0;0.0;0.0;0.0;0.0;0.0;0.0;0.0;-0.0;0.0;0.0;0.0;0.0;0.0;0.0;0.0;0.0;0.0;0.0;0.0;0.0;0.0;0.0;0.0;0.0;0.0;0.0;0.0;0.0;0.0;0.0;0.0;0.0;0.0;0.0;0.0;0.0;0.0;0.0;0.0;0.0;0.0;0.0;0.0;0.0;0.0;0.0;0.0;0.0;0.0;0.0;0.0;0.0;0.0;0.0;0.0;0.0;0.0;0.0;0.0;0.0;0.0;0.0;0.0;0.0;0.0;0.0;0.0;0.0;0.0;0.0;1.0
Staff 2 - Horizon 7;0.0;0.0;-0.0;0.0;0.0;0.0;0.0;0.0;0.0;0.0;0.0;0.0;-0.0;-0.0;0.0;0.0;0.0;0.0;0.0;0.0;0.0;0.0;-0.0;0.0;0.0;0.0;0.0;0.0;0.0;0.0;0.0;0.0;-0.0;0.0;0.0;0.0;0.0;0.0;0.0;0.0;0.0;0.0;0.0;1.0;0.0;0.0;0.0;0.0;0.0;0.0;0.0;0.0;0.0;0.0;0.0;0.0;0.0;-0.0;0.0;0.0;0.0;0.0;0.0;-0.0;0.0;0.0;0.0;-0.0;0.0;0.0;0.0;0.0;0.0;0.0;0.0;0.0;0.0;-0.0;0.0;0.0;0.0;0.0;0.0;0.0;0.0;0.0;0.0;-0.0;0.0;0.0;0.0;0.0;0.0;0.0;0.0;0.0;0.0;0.0;0.0;0.0;0.0;0.0;0.0;0.0;0.0;0.0;0.0;0.0;0.0;0.0;0.0;0.0;0.0;0.0;0.0;0.0;0.0;0.0;0.0;0.0;0.0;0.0;0.0;0.0;0.0;0.0;0.0;0.0;0.0;0.0;0.0;0.0;0.0;0.0;0.0;0.0;0.0;0.0;0.0;0.0;0.0;0.0;0.0;0.0;0.0;0.0;0.0;0.0;0.0;0.0;1.0
Staff 2 - Horizon 8;0.0;0.0;-0.0;0.0;0.0;0.0;0.0;0.0;0.0;0.0;0.0;0.0;-0.0;-0.0;0.0;0.0;0.0;0.0;0.0;0.0;0.0;0.0;-0.0;0.0;0.0;0.0;0.0;0.0;0.0;0.0;0.0;0.0;-0.0;0.0;0.0;0.0;0.0;0.0;0.0;0.0;0.0;0.0;0.0;1.0;0.0;0.0;0.0;0.0;0.0;0.0;0.0;0.0;0.0;-0.0;0.0;0.0;0.0;0.0;0.0;0.0;0.0;0.0;0.0;-0.0;0.0;0.0;0.0;-0.0;0.0;0.0;0.0;0.0;0.0;0.0;0.0;0.0;0.0;-0.0;0.0;0.0;0.0;0.0;0.0;0.0;0.0;0.0;0.0;-0.0;0.0;0.0;0.0;0.0;0.0;0.0;0.0;0.0;0.0;0.0;0.0;0.0;0.0;0.0;0.0;0.0;0.0;0.0;0.0;0.0;0.0;0.0;0.0;0.0;0.0;0.0;0.0;0.0;0.0;0.0;0.0;0.0;0.0;0.0;0.0;0.0;0.0;0.0;0.0;0.0;0.0;0.0;0.0;0.0;0.0;0.0;0.0;0.0;0.0;0.0;0.0;0.0;0.0;0.0;0.0;0.0;0.0;0.0;0.0;0.0;0.0;0.0;1.0
Staff 2 - Horizon 9;0.0;0.0;-0.0;0.0;0.0;0.0;0.0;0.0;0.0;0.0;0.0;0.0;0.0;-0.0;0.0;0.0;0.0;0.0;0.0;0.0;0.0;0.0;-0.0;0.0;0.0;0.0;0.0;0.0;0.0;0.0;0.0;0.0;-0.0;0.0;0.0;0.0;0.0;0.0;0.0;0.0;0.0;0.0;0.0;1.0;0.0;0.0;0.0;0.0;0.0;0.0;0.0;0.0;0.0;-0.0;0.0;0.0;0.0;0.0;0.0;0.0;0.0;0.0;0.0;-0.0;0.0;0.0;0.0;-0.0;0.0;0.0;0.0;0.0;0.0;0.0;0.0;0.0;0.0;-0.0;0.0;0.0;0.0;0.0;0.0;0.0;0.0;0.0;0.0;-0.0;0.0;0.0;0.0;0.0;0.0;0.0;0.0;0.0;0.0;0.0;0.0;0.0;0.0;0.0;0.0;0.0;0.0;0.0;0.0;0.0;0.0;0.0;0.0;0.0;0.0;0.0;0.0;0.0;0.0;0.0;0.0;0.0;0.0;0.0;0.0;0.0;0.0;0.0;0.0;0.0;0.0;0.0;0.0;0.0;0.0;0.0;0.0;0.0;0.0;0.0;0.0;0.0;0.0;0.0;0.0;0.0;0.0;0.0;0.0;0.0;0.0;0.0;1.0
Staff 2 - Horizon 10;0.0;0.0;-0.0;0.0;0.0;0.0;0.0;0.0;0.0;0.0;0.0;0.0;-0.0;-0.0;0.0;0.0;0.0;0.0;0.0;0.0;0.0;0.0;-0.0;0.0;0.0;0.0;0.0;0.0;0.0;0.0;0.0;0.0;-0.0;0.0;0.0;0.0;0.0;0.0;0.0;0.0;0.0;0.0;0.0;1.0;0.0;0.0;0.0;0.0;0.0;0.0;0.0;0.0;0.0;-0.0;0.0;0.0;0.0;0.0;0.0;0.0;0.0;0.0;0.0;-0.0;0.0;0.0;0.0;-0.0;0.0;0.0;0.0;0.0;0.0;0.0;0.0;0.0;0.0;-0.0;0.0;0.0;0.0;0.0;0.0;0.0;0.0;0.0;0.0;-0.0;0.0;0.0;0.0;0.0;0.0;0.0;0.0;0.0;0.0;0.0;0.0;0.0;0.0;0.0;0.0;0.0;0.0;0.0;0.0;0.0;0.0;0.0;0.0;0.0;0.0;0.0;0.0;0.0;0.0;0.0;0.0;0.0;0.0;0.0;0.0;0.0;0.0;0.0;0.0;0.0;0.0;0.0;0.0;0.0;0.0;0.0;0.0;0.0;0.0;0.0;0.0;0.0;0.0;0.0;0.0;0.0;0.0;0.0;0.0;0.0;0.0;0.0;1.0
Staff 2 - Horizon 11;0.0;0.0;-0.0;0.0;0.0;0.0;0.0;0.0;0.0;0.0;0.0;0.0;0.0;0.0;0.0;0.0;0.0;0.0;0.0;0.0;0.0;0.0;-0.0;0.0;0.0;0.0;0.0;0.0;0.0;0.0;0.0;0.0;-0.0;0.0;0.0;0.0;0.0;0.0;0.0;0.0;0.0;0.0;0.0;-0.0;0.0;0.0;0.0;0.0;0.0;0.0;0.0;0.0;0.0;1.0;0.0;0.0;0.0;-0.0;0.0;0.0;0.0;0.0;0.0;-0.0;0.0;0.0;0.0;-0.0;0.0;0.0;0.0;0.0;0.0;0.0;0.0;0.0;0.0;-0.0;0.0;0.0;0.0;0.0;0.0;0.0;0.0;0.0;0.0;-0.0;0.0;0.0;0.0;0.0;0.0;0.0;0.0;0.0;0.0;0.0;0.0;0.0;0.0;0.0;0.0;0.0;0.0;0.0;0.0;0.0;0.0;0.0;0.0;0.0;0.0;0.0;0.0;0.0;0.0;0.0;0.0;0.0;0.0;0.0;0.0;0.0;0.0;0.0;0.0;0.0;0.0;0.0;0.0;0.0;0.0;0.0;0.0;0.0;0.0;0.0;0.0;0.0;0.0;0.0;0.0;0.0;0.0;0.0;0.0;0.0;0.0;0.0;1.0
Staff 2 - Horizon 12;0.0;0.0;-0.0;0.0;0.0;0.0;0.0;0.0;0.0;0.0;0.0;0.0;0.0;0.0;0.0;0.0;0.0;0.0;0.0;0.0;0.0;0.0;-0.0;0.0;0.0;0.0;0.0;0.0;0.0;0.0;0.0;0.0;0.0;0.0;0.0;0.0;0.0;0.0;0.0;0.0;0.0;0.0;0.0;-0.0;0.0;0.0;0.0;0.0;0.0;0.0;0.0;0.0;0.0;1.0;0.0;0.0;0.0;0.0;0.0;0.0;0.0;0.0;0.0;-0.0;0.0;0.0;0.0;-0.0;0.0;0.0;0.0;0.0;0.0;0.0;0.0;0.0;0.0;-0.0;0.0;0.0;0.0;0.0;0.0;0.0;0.0;0.0;0.0;-0.0;0.0;0.0;0.0;0.0;0.0;0.0;0.0;0.0;0.0;0.0;0.0;0.0;0.0;0.0;0.0;0.0;0.0;0.0;0.0;0.0;0.0;0.0;0.0;0.0;0.0;0.0;0.0;0.0;0.0;0.0;0.0;0.0;0.0;0.0;0.0;0.0;0.0;0.0;0.0;0.0;0.0;0.0;0.0;0.0;0.0;0.0;0.0;0.0;0.0;0.0;0.0;0.0;0.0;0.0;0.0;0.0;0.0;0.0;0.0;0.0;0.0;0.0;1.0
Staff 2 - Horizon 13;0.0;0.0;-0.0;0.0;0.0;0.0;0.0;0.0;0.0;0.0;0.0;0.0;0.0;0.0;0.0;0.0;0.0;0.0;0.0;0.0;0.0;0.0;-0.0;0.0;0.0;0.0;0.0;0.0;0.0;0.0;0.0;0.0;0.0;0.0;0.0;0.0;0.0;0.0;0.0;0.0;0.0;0.0;0.0;-0.0;0.0;0.0;0.0;0.0;0.0;0.0;0.0;0.0;0.0;1.0;0.0;0.0;0.0;0.0;0.0;0.0;0.0;0.0;0.0;-0.0;0.0;0.0;0.0;-0.0;0.0;0.0;0.0;0.0;0.0;0.0;0.0;0.0;0.0;-0.0;0.0;0.0;0.0;0.0;0.0;0.0;0.0;0.0;0.0;-0.0;0.0;0.0;0.0;0.0;0.0;0.0;0.0;0.0;0.0;0.0;0.0;0.0;0.0;0.0;0.0;0.0;0.0;0.0;0.0;0.0;0.0;0.0;0.0;0.0;0.0;0.0;0.0;0.0;0.0;0.0;0.0;0.0;0.0;0.0;0.0;0.0;0.0;0.0;0.0;0.0;0.0;0.0;0.0;0.0;0.0;0.0;0.0;0.0;0.0;0.0;0.0;0.0;0.0;0.0;0.0;0.0;0.0;0.0;0.0;0.0;0.0;0.0;1.0
Staff 2 - Horizon 14;0.0;0.0;-0.0;0.0;0.0;0.0;0.0;0.0;0.0;0.0;0.0;0.0;0.0;0.0;0.0;0.0;0.0;0.0;0.0;0.0;0.0;0.0;-0.0;0.0;0.0;0.0;0.0;0.0;0.0;0.0;0.0;0.0;0.0;0.0;0.0;0.0;0.0;0.0;0.0;0.0;0.0;0.0;0.0;-0.0;0.0;0.0;0.0;0.0;0.0;0.0;0.0;0.0;0.0;0.0;0.0;0.0;0.0;1.0;0.0;0.0;0.0;0.0;0.0;-0.0;0.0;0.0;0.0;-0.0;0.0;0.0;0.0;0.0;0.0;0.0;0.0;0.0;0.0;-0.0;0.0;0.0;0.0;0.0;0.0;0.0;0.0;0.0;0.0;-0.0;0.0;0.0;0.0;0.0;0.0;0.0;0.0;0.0;0.0;0.0;0.0;0.0;0.0;0.0;0.0;0.0;0.0;0.0;0.0;0.0;0.0;0.0;0.0;0.0;0.0;0.0;0.0;0.0;0.0;0.0;0.0;0.0;0.0;0.0;0.0;0.0;0.0;0.0;0.0;0.0;0.0;0.0;0.0;0.0;0.0;0.0;0.0;0.0;0.0;0.0;0.0;0.0;0.0;0.0;0.0;0.0;0.0;0.0;0.0;0.0;0.0;0.0;1.0
Staff 2 - Horizon 15;0.0;0.0;-0.0;0.0;0.0;0.0;0.0;0.0;0.0;0.0;0.0;0.0;0.0;0.0;0.0;0.0;0.0;0.0;0.0;0.0;0.0;0.0;-0.0;0.0;0.0;0.0;0.0;0.0;0.0;0.0;0.0;0.0;0.0;0.0;0.0;0.0;0.0;0.0;0.0;0.0;0.0;0.0;0.0;-0.0;0.0;0.0;0.0;0.0;0.0;0.0;0.0;0.0;0.0;0.0;0.0;0.0;0.0;1.0;0.0;0.0;0.0;0.0;0.0;-0.0;0.0;0.0;0.0;-0.0;0.0;0.0;0.0;0.0;0.0;0.0;0.0;0.0;0.0;-0.0;0.0;0.0;0.0;0.0;0.0;0.0;0.0;0.0;0.0;-0.0;0.0;0.0;0.0;0.0;0.0;0.0;0.0;0.0;0.0;0.0;0.0;0.0;0.0;0.0;0.0;0.0;0.0;0.0;0.0;0.0;0.0;0.0;0.0;0.0;0.0;0.0;0.0;0.0;0.0;0.0;0.0;0.0;0.0;0.0;0.0;0.0;0.0;0.0;0.0;0.0;0.0;0.0;0.0;0.0;0.0;0.0;0.0;0.0;0.0;0.0;0.0;0.0;0.0;0.0;0.0;0.0;0.0;0.0;0.0;0.0;0.0;0.0;1.0
Staff 2 - Horizon 16;0.0;0.0;-0.0;0.0;0.0;0.0;0.0;0.0;0.0;0.0;0.0;0.0;0.0;0.0;0.0;0.0;0.0;0.0;0.0;0.0;0.0;0.0;-0.0;0.0;0.0;0.0;0.0;0.0;0.0;0.0;0.0;0.0;0.0;0.0;0.0;0.0;0.0;0.0;0.0;0.0;0.0;0.0;0.0;-0.0;0.0;0.0;0.0;0.0;0.0;0.0;0.0;0.0;0.0;1.0;0.0;0.0;0.0;0.0;0.0;0.0;0.0;0.0;0.0;-0.0;0.0;0.0;0.0;-0.0;0.0;0.0;0.0;0.0;0.0;0.0;0.0;0.0;0.0;-0.0;0.0;0.0;0.0;0.0;0.0;0.0;0.0;0.0;0.0;-0.0;0.0;0.0;0.0;0.0;0.0;0.0;0.0;0.0;0.0;0.0;0.0;0.0;0.0;0.0;0.0;0.0;0.0;0.0;0.0;0.0;0.0;0.0;0.0;0.0;0.0;0.0;0.0;0.0;0.0;0.0;0.0;0.0;0.0;0.0;0.0;0.0;0.0;0.0;0.0;0.0;0.0;0.0;0.0;0.0;0.0;0.0;0.0;0.0;0.0;0.0;0.0;0.0;0.0;0.0;0.0;0.0;0.0;0.0;0.0;0.0;0.0;0.0;1.0
Staff 2 - Horizon 17;0.0;0.0;-0.0;0.0;0.0;0.0;0.0;0.0;0.0;0.0;0.0;0.0;0.0;0.0;0.0;0.0;0.0;0.0;0.0;0.0;0.0;0.0;-0.0;0.0;0.0;0.0;0.0;0.0;0.0;0.0;0.0;0.0;-0.0;0.0;0.0;0.0;0.0;0.0;0.0;0.0;0.0;0.0;0.0;-0.0;0.0;0.0;0.0;0.0;0.0;0.0;0.0;0.0;0.0;0.0;0.0;0.0;0.0;-0.0;0.0;0.0;0.0;0.0;0.0;-0.0;0.0;0.0;0.0;-0.0;0.0;0.0;0.0;0.0;0.0;0.0;0.0;0.0;0.0;-0.0;0.0;0.0;0.0;0.0;0.0;0.0;0.0;0.0;0.0;1.0;0.0;0.0;0.0;0.0;0.0;0.0;0.0;0.0;0.0;0.0;0.0;0.0;0.0;0.0;0.0;0.0;0.0;0.0;0.0;0.0;0.0;0.0;0.0;0.0;0.0;0.0;0.0;0.0;0.0;0.0;0.0;0.0;0.0;0.0;0.0;0.0;0.0;0.0;0.0;0.0;0.0;0.0;0.0;0.0;0.0;0.0;0.0;0.0;0.0;0.0;0.0;0.0;0.0;0.0;0.0;0.0;0.0;0.0;0.0;0.0;0.0;0.0;1.0
Staff 2 - Horizon 18;0.0;0.0;-0.0;0.0;0.0;0.0;0.0;0.0;0.0;0.0;0.0;0.0;0.0;0.0;0.0;0.0;0.0;0.0;0.0;0.0;0.0;0.0;-0.0;0.0;0.0;0.0;0.0;0.0;0.0;0.0;0.0;0.0;-0.0;0.0;0.0;0.0;0.0;0.0;0.0;0.0;0.0;0.0;0.0;-0.0;0.0;0.0;0.0;0.0;0.0;0.0;0.0;0.0;0.0;-0.0;0.0;0.0;0.0;-0.0;0.0;0.0;0.0;0.0;0.0;-0.0;0.0;0.0;0.0;-0.0;0.0;0.0;0.0;0.0;0.0;0.0;0.0;0.0;0.0;-0.0;0.0;0.0;0.0;0.0;0.0;0.0;0.0;0.0;0.0;1.0;0.0;0.0;0.0;0.0;0.0;0.0;0.0;0.0;0.0;0.0;0.0;0.0;0.0;0.0;0.0;0.0;0.0;0.0;0.0;0.0;0.0;0.0;0.0;0.0;0.0;0.0;0.0;0.0;0.0;0.0;0.0;0.0;0.0;0.0;0.0;0.0;0.0;0.0;0.0;0.0;0.0;0.0;0.0;0.0;0.0;0.0;0.0;0.0;0.0;0.0;0.0;0.0;0.0;0.0;0.0;0.0;0.0;0.0;0.0;0.0;0.0;0.0;1.0
Staff 2 - Horizon 19;0.0;0.0;0.0;0.0;0.0;0.0;0.0;0.0;0.0;0.0;0.0;0.0;0.0;-0.0;0.0;0.0;0.0;0.0;0.0;0.0;0.0;0.0;-0.0;0.0;0.0;0.0;0.0;0.0;0.0;0.0;0.0;0.0;-0.0;0.0;0.0;0.0;0.0;0.0;0.0;0.0;0.0;0.0;0.0;-0.0;0.0;0.0;0.0;0.0;0.0;0.0;0.0;0.0;0.0;-0.0;0.0;0.0;0.0;-0.0;0.0;0.0;0.0;0.0;0.0;-0.0;0.0;0.0;0.0;-0.0;0.0;0.0;0.0;0.0;0.0;0.0;0.0;0.0;0.0;-0.0;0.0;0.0;0.0;0.0;0.0;0.0;0.0;0.0;0.0;1.0;0.0;0.0;0.0;0.0;0.0;0.0;0.0;0.0;0.0;0.0;0.0;0.0;0.0;0.0;0.0;0.0;0.0;0.0;0.0;0.0;0.0;0.0;0.0;0.0;0.0;0.0;0.0;0.0;0.0;0.0;0.0;0.0;0.0;0.0;0.0;0.0;0.0;0.0;0.0;0.0;0.0;0.0;0.0;0.0;0.0;0.0;0.0;0.0;0.0;0.0;0.0;0.0;0.0;0.0;0.0;0.0;0.0;0.0;0.0;0.0;0.0;0.0;1.0
Staff 2 - Horizon 20;0.0;0.0;0.0;0.0;0.0;0.0;0.0;0.0;0.0;0.0;0.0;0.0;-0.0;-0.0;0.0;0.0;0.0;0.0;0.0;0.0;0.0;0.0;-0.0;0.0;0.0;0.0;0.0;0.0;0.0;0.0;0.0;0.0;-0.0;0.0;0.0;0.0;0.0;0.0;0.0;0.0;0.0;0.0;0.0;-0.0;0.0;0.0;0.0;0.0;0.0;0.0;0.0;0.0;0.0;-0.0;0.0;0.0;0.0;-0.0;0.0;0.0;0.0;0.0;0.0;1.0;0.0;0.0;0.0;-0.0;0.0;0.0;0.0;0.0;0.0;0.0;0.0;0.0;0.0;-0.0;0.0;0.0;0.0;0.0;0.0;0.0;0.0;0.0;0.0;0.0;0.0;0.0;0.0;0.0;0.0;0.0;0.0;0.0;0.0;0.0;0.0;0.0;0.0;0.0;0.0;0.0;0.0;0.0;0.0;0.0;0.0;0.0;0.0;0.0;0.0;0.0;0.0;0.0;0.0;0.0;0.0;0.0;0.0;0.0;0.0;0.0;0.0;0.0;0.0;0.0;0.0;0.0;0.0;0.0;0.0;0.0;0.0;0.0;0.0;0.0;0.0;0.0;0.0;0.0;0.0;0.0;0.0;0.0;0.0;0.0;0.0;0.0;1.0
Staff 2 - Horizon 21;0.0;0.0;-0.0;0.0;0.0;0.0;0.0;0.0;0.0;0.0;0.0;0.0;-0.0;-0.0;0.0;0.0;0.0;0.0;0.0;0.0;0.0;0.0;-0.0;0.0;0.0;0.0;0.0;0.0;0.0;0.0;0.0;0.0;-0.0;0.0;0.0;0.0;0.0;0.0;0.0;0.0;0.0;0.0;0.0;-0.0;0.0;0.0;0.0;0.0;0.0;0.0;0.0;0.0;0.0;-0.0;0.0;0.0;0.0;-0.0;0.0;0.0;0.0;0.0;0.0;-0.0;0.0;0.0;0.0;1.0;0.0;0.0;0.0;0.0;0.0;0.0;0.0;0.0;0.0;-0.0;0.0;0.0;0.0;0.0;0.0;0.0;0.0;0.0;0.0;-0.0;0.0;0.0;0.0;0.0;0.0;0.0;0.0;0.0;0.0;0.0;0.0;0.0;0.0;0.0;0.0;0.0;0.0;0.0;0.0;0.0;0.0;0.0;0.0;0.0;0.0;0.0;0.0;0.0;0.0;0.0;0.0;0.0;0.0;0.0;0.0;0.0;0.0;0.0;0.0;0.0;0.0;0.0;0.0;0.0;0.0;0.0;0.0;0.0;0.0;0.0;0.0;0.0;0.0;0.0;0.0;0.0;0.0;0.0;0.0;0.0;0.0;0.0;1.0
Staff 2 - Horizon 22;0.0;0.0;-0.0;0.0;0.0;0.0;0.0;0.0;0.0;0.0;0.0;0.0;-0.0;-0.0;0.0;0.0;0.0;0.0;0.0;0.0;0.0;0.0;-0.0;0.0;0.0;0.0;0.0;0.0;0.0;0.0;0.0;0.0;-0.0;0.0;0.0;0.0;0.0;0.0;0.0;0.0;0.0;0.0;0.0;-0.0;0.0;0.0;0.0;0.0;0.0;0.0;0.0;0.0;0.0;-0.0;0.0;0.0;0.0;-0.0;0.0;0.0;0.0;0.0;0.0;-0.0;0.0;0.0;0.0;1.0;0.0;0.0;0.0;0.0;0.0;0.0;0.0;0.0;0.0;-0.0;0.0;0.0;0.0;0.0;0.0;0.0;0.0;0.0;0.0;-0.0;0.0;0.0;0.0;0.0;0.0;0.0;0.0;0.0;0.0;0.0;0.0;0.0;0.0;0.0;0.0;0.0;0.0;0.0;0.0;0.0;0.0;0.0;0.0;0.0;0.0;0.0;0.0;0.0;0.0;0.0;0.0;0.0;0.0;0.0;0.0;0.0;0.0;0.0;0.0;0.0;0.0;0.0;0.0;0.0;0.0;0.0;0.0;0.0;0.0;0.0;0.0;0.0;0.0;0.0;0.0;0.0;0.0;0.0;0.0;0.0;0.0;0.0;1.0
Staff 3 - Horizon 1;0.0;0.0;0.0;0.0;0.0;0.0;0.0;0.0;-0.0;0.0;0.0;0.0;0.0;0.0;0.0;0.0;0.0;0.0;0.0;0.0;0.0;0.0;0.0;0.0;0.0;0.0;0.0;0.0;0.0;0.0;0.0;0.0;0.0;0.0;0.0;0.0;0.0;0.0;0.0;0.0;0.0;0.0;0.0;0.0;0.0;0.0;0.0;0.0;1.0;0.0;0.0;0.0;0.0;0.0;0.0;0.0;0.0;0.0;0.0;0.0;0.0;0.0;0.0;0.0;0.0;0.0;0.0;0.0;0.0;0.0;0.0;0.0;0.0;0.0;0.0;0.0;0.0;0.0;0.0;0.0;0.0;0.0;0.0;0.0;0.0;0.0;-0.0;0.0;0.0;0.0;0.0;0.0;0.0;0.0;0.0;0.0;0.0;0.0;0.0;0.0;0.0;0.0;0.0;0.0;0.0;0.0;-0.0;0.0;0.0;0.0;0.0;0.0;0.0;0.0;0.0;0.0;-0.0;0.0;0.0;0.0;0.0;0.0;0.0;0.0;0.0;0.0;0.0;0.0;0.0;0.0;0.0;0.0;0.0;0.0;0.0;0.0;0.0;0.0;0.0;0.0;0.0;0.0;0.0;0.0;0.0;0.0;0.0;0.0;0.0;0.0;1.0
Staff 3 - Horizon 2;0.0;0.0;0.0;0.0;0.0;0.0;0.0;0.0;-0.0;0.0;0.0;0.0;0.0;0.0;0.0;0.0;0.0;0.0;0.0;0.0;0.0;0.0;0.0;0.0;0.0;0.0;0.0;0.0;0.0;0.0;0.0;0.0;0.0;0.0;0.0;0.0;0.0;0.0;0.0;0.0;0.0;0.0;0.0;0.0;0.0;0.0;0.0;0.0;0.0;0.0;0.0;0.0;0.0;0.0;0.0;0.0;0.0;0.0;0.0;0.0;0.0;0.0;0.0;0.0;0.0;0.0;0.0;0.0;0.0;0.0;0.0;0.0;0.0;0.0;0.0;0.0;0.0;0.0;0.0;0.0;0.0;0.0;0.0;0.0;0.0;0.0;-0.0;0.0;0.0;0.0;0.0;0.0;0.0;0.0;0.0;0.0;0.0;0.0;0.0;0.0;0.0;0.0;0.0;0.0;0.0;0.0;-0.0;0.0;0.0;0.0;0.0;0.0;0.0;0.0;0.0;0.0;1.0;0.0;0.0;0.0;0.0;0.0;0.0;0.0;0.0;0.0;0.0;0.0;0.0;0.0;0.0;0.0;0.0;0.0;0.0;0.0;0.0;0.0;0.0;0.0;0.0;0.0;0.0;0.0;0.0;0.0;-0.0;0.0;0.0;0.0;1.0
Staff 3 - Horizon 3;0.0;0.0;0.0;0.0;0.0;0.0;0.0;0.0;-0.0;0.0;0.0;0.0;0.0;0.0;0.0;0.0;0.0;0.0;0.0;0.0;0.0;0.0;0.0;0.0;0.0;0.0;0.0;0.0;0.0;0.0;0.0;0.0;0.0;0.0;0.0;0.0;0.0;0.0;0.0;0.0;0.0;0.0;0.0;0.0;0.0;0.0;0.0;0.0;0.0;0.0;0.0;0.0;0.0;0.0;0.0;0.0;0.0;0.0;0.0;0.0;0.0;0.0;0.0;0.0;0.0;0.0;0.0;0.0;0.0;0.0;0.0;0.0;0.0;0.0;0.0;0.0;0.0;0.0;0.0;0.0;0.0;0.0;0.0;0.0;0.0;0.0;-0.0;0.0;0.0;0.0;0.0;0.0;0.0;0.0;0.0;0.0;0.0;0.0;0.0;0.0;0.0;0.0;0.0;0.0;0.0;0.0;-0.0;0.0;0.0;0.0;0.0;0.0;0.0;0.0;0.0;0.0;1.0;0.0;0.0;0.0;0.0;0.0;0.0;0.0;0.0;0.0;0.0;0.0;0.0;0.0;0.0;0.0;0.0;0.0;0.0;0.0;0.0;0.0;0.0;0.0;0.0;0.0;0.0;0.0;0.0;0.0;-0.0;0.0;0.0;0.0;1.0
Staff 3 - Horizon 4;0.0;0.0;0.0;0.0;0.0;0.0;0.0;0.0;-0.0;0.0;0.0;0.0;0.0;0.0;0.0;0.0;0.0;0.0;-0.0;0.0;0.0;0.0;0.0;0.0;0.0;0.0;0.0;0.0;0.0;0.0;0.0;0.0;0.0;0.0;0.0;0.0;0.0;0.0;0.0;0.0;0.0;0.0;0.0;0.0;0.0;0.0;0.0;0.0;0.0;0.0;0.0;0.0;0.0;0.0;0.0;0.0;0.0;0.0;0.0;0.0;0.0;0.0;0.0;0.0;0.0;0.0;0.0;0.0;0.0;0.0;0.0;0.0;0.0;0.0;0.0;0.0;0.0;0.0;0.0;0.0;0.0;0.0;0.0;0.0;0.0;0.0;-0.0;0.0;0.0;0.0;0.0;0.0;0.0;0.0;0.0;0.0;0.0;0.0;0.0;0.0;0.0;0.0;0.0;0.0;0.0;0.0;-0.0;0.0;0.0;0.0;0.0;0.0;0.0;0.0;0.0;0.0;1.0;0.0;0.0;0.0;0.0;0.0;0.0;0.0;0.0;0.0;0.0;0.0;0.0;0.0;0.0;0.0;0.0;0.0;0.0;0.0;0.0;0.0;0.0;0.0;0.0;0.0;0.0;0.0;0.0;0.0;-0.0;0.0;0.0;0.0;1.0
Staff 3 - Horizon 5;0.0;0.0;0.0;0.0;0.0;0.0;0.0;0.0;-0.0;0.0;0.0;0.0;0.0;0.0;0.0;0.0;0.0;0.0;0.0;0.0;0.0;0.0;0.0;0.0;0.0;0.0;0.0;0.0;0.0;0.0;0.0;0.0;0.0;0.0;0.0;0.0;0.0;0.0;0.0;0.0;0.0;0.0;0.0;0.0;0.0;0.0;0.0;0.0;1.0;0.0;0.0;0.0;0.0;0.0;0.0;0.0;0.0;0.0;0.0;0.0;0.0;0.0;0.0;0.0;0.0;0.0;0.0;0.0;0.0;0.0;0.0;0.0;0.0;0.0;0.0;0.0;0.0;0.0;0.0;0.0;0.0;0.0;0.0;0.0;0.0;0.0;-0.0;0.0;0.0;0.0;0.0;0.0;0.0;0.0;0.0;0.0;0.0;0.0;0.0;0.0;0.0;0.0;0.0;0.0;0.0;0.0;-0.0;0.0;0.0;0.0;0.0;0.0;0.0;0.0;0.0;0.0;-0.0;0.0;0.0;0.0;0.0;0.0;0.0;0.0;0.0;0.0;0.0;0.0;0.0;0.0;0.0;0.0;0.0;0.0;0.0;0.0;0.0;0.0;0.0;0.0;0.0;0.0;0.0;0.0;0.0;0.0;0.0;0.0;0.0;0.0;1.0
Staff 3 - Horizon 6;0.0;0.0;0.0;0.0;0.0;0.0;0.0;0.0;-0.0;0.0;0.0;0.0;0.0;0.0;0.0;0.0;0.0;0.0;-0.0;0.0;0.0;0.0;0.0;0.0;0.0;0.0;0.0;0.0;0.0;0.0;0.0;0.0;0.0;0.0;0.0;0.0;0.0;0.0;0.0;0.0;0.0;0.0;0.0;0.0;0.0;0.0;0.0;0.0;1.0;0.0;0.0;0.0;0.0;0.0;0.0;0.0;0.0;0.0;0.0;0.0;0.0;0.0;0.0;0.0;0.0;0.0;0.0;0.0;0.0;0.0;0.0;0.0;0.0;0.0;0.0;0.0;0.0;0.0;0.0;0.0;0.0;0.0;0.0;0.0;0.0;0.0;-0.0;0.0;0.0;0.0;0.0;0.0;0.0;0.0;0.0;0.0;0.0;0.0;0.0;0.0;0.0;0.0;0.0;0.0;0.0;0.0;-0.0;0.0;0.0;0.0;0.0;0.0;0.0;0.0;0.0;0.0;0.0;0.0;0.0;0.0;0.0;0.0;0.0;0.0;0.0;0.0;0.0;0.0;0.0;0.0;0.0;0.0;0.0;0.0;0.0;0.0;0.0;0.0;0.0;0.0;0.0;0.0;0.0;0.0;0.0;0.0;-0.0;0.0;0.0;0.0;1.0
Staff 3 - Horizon 7;0.0;0.0;0.0;0.0;0.0;0.0;0.0;0.0;-0.0;0.0;0.0;0.0;0.0;0.0;0.0;0.0;0.0;0.0;-0.0;0.0;0.0;0.0;0.0;0.0;0.0;0.0;0.0;0.0;0.0;0.0;0.0;0.0;0.0;0.0;0.0;0.0;0.0;0.0;0.0;0.0;0.0;0.0;0.0;0.0;0.0;0.0;0.0;0.0;0.0;0.0;0.0;0.0;0.0;0.0;0.0;0.0;0.0;0.0;0.0;0.0;0.0;0.0;0.0;0.0;0.0;0.0;0.0;0.0;0.0;0.0;0.0;0.0;0.0;0.0;0.0;0.0;0.0;0.0;0.0;0.0;0.0;0.0;0.0;0.0;0.0;0.0;-0.0;0.0;0.0;0.0;0.0;0.0;0.0;0.0;0.0;0.0;0.0;0.0;0.0;0.0;0.0;0.0;0.0;0.0;0.0;0.0;-0.0;0.0;0.0;0.0;0.0;0.0;0.0;0.0;0.0;0.0;-0.0;0.0;0.0;0.0;0.0;0.0;0.0;0.0;0.0;0.0;0.0;0.0;0.0;0.0;0.0;0.0;0.0;0.0;0.0;0.0;0.0;0.0;0.0;0.0;0.0;0.0;0.0;0.0;0.0;0.0;1.0;0.0;0.0;0.0;1.0
Staff 3 - Horizon 8;0.0;0.0;0.0;0.0;0.0;0.0;0.0;0.0;0.0;0.0;0.0;0.0;0.0;0.0;0.0;0.0;0.0;0.0;0.0;0.0;0.0;0.0;0.0;0.0;0.0;0.0;0.0;0.0;0.0;0.0;0.0;0.0;0.0;0.0;0.0;0.0;0.0;0.0;0.0;0.0;0.0;0.0;0.0;0.0;0.0;0.0;0.0;0.0;0.0;0.0;0.0;0.0;0.0;0.0;0.0;0.0;0.0;0.0;0.0;0.0;0.0;0.0;0.0;0.0;0.0;0.0;0.0;0.0;0.0;0.0;0.0;0.0;0.0;0.0;0.0;0.0;0.0;0.0;0.0;0.0;0.0;0.0;0.0;0.0;0.0;0.0;0.0;0.0;0.0;0.0;0.0;0.0;0.0;0.0;0.0;0.0;0.0;0.0;0.0;0.0;0.0;0.0;0.0;0.0;0.0;0.0;0.0;0.0;0.0;0.0;0.0;0.0;0.0;0.0;0.0;0.0;0.0;0.0;0.0;0.0;0.0;0.0;0.0;0.0;0.0;0.0;0.0;0.0;0.0;0.0;0.0;0.0;0.0;0.0;0.0;0.0;0.0;0.0;0.0;0.0;0.0;0.0;0.0;0.0;0.0;0.0;0.0;0.0;0.0;0.0;0.0
Staff 3 - Horizon 9;0.0;0.0;0.0;0.0;0.0;0.0;0.0;0.0;0.0;0.0;0.0;0.0;0.0;0.0;0.0;0.0;0.0;0.0;0.0;0.0;0.0;0.0;0.0;0.0;0.0;0.0;0.0;0.0;0.0;0.0;0.0;0.0;0.0;0.0;0.0;0.0;0.0;0.0;0.0;0.0;0.0;0.0;0.0;0.0;0.0;0.0;0.0;0.0;0.0;0.0;0.0;0.0;0.0;0.0;0.0;0.0;0.0;0.0;0.0;0.0;0.0;0.0;0.0;0.0;0.0;0.0;0.0;0.0;0.0;0.0;0.0;0.0;0.0;0.0;0.0;0.0;0.0;0.0;0.0;0.0;0.0;0.0;0.0;0.0;0.0;0.0;0.0;0.0;0.0;0.0;0.0;0.0;0.0;0.0;0.0;0.0;0.0;0.0;0.0;0.0;0.0;0.0;0.0;0.0;0.0;0.0;0.0;0.0;0.0;0.0;0.0;0.0;0.0;0.0;0.0;0.0;0.0;0.0;0.0;0.0;0.0;0.0;0.0;0.0;0.0;0.0;0.0;0.0;0.0;0.0;0.0;0.0;0.0;0.0;0.0;0.0;0.0;0.0;0.0;0.0;0.0;0.0;0.0;0.0;0.0;0.0;0.0;0.0;0.0;0.0;0.0
Staff 3 - Horizon 10;0.0;0.0;0.0;0.0;0.0;0.0;0.0;0.0;-0.0;0.0;0.0;0.0;0.0;0.0;0.0;0.0;0.0;0.0;-0.0;0.0;0.0;0.0;0.0;0.0;0.0;0.0;0.0;0.0;0.0;0.0;0.0;0.0;0.0;0.0;0.0;0.0;0.0;0.0;0.0;0.0;0.0;0.0;0.0;0.0;0.0;0.0;0.0;0.0;-0.0;0.0;0.0;0.0;0.0;0.0;0.0;0.0;0.0;0.0;0.0;0.0;0.0;0.0;0.0;0.0;0.0;0.0;0.0;0.0;0.0;0.0;0.0;0.0;0.0;0.0;0.0;0.0;0.0;0.0;0.0;0.0;0.0;0.0;0.0;0.0;0.0;0.0;-0.0;0.0;0.0;0.0;0.0;0.0;0.0;0.0;0.0;0.0;0.0;0.0;0.0;0.0;0.0;0.0;0.0;0.0;0.0;0.0;-0.0;0.0;0.0;0.0;0.0;0.0;0.0;0.0;0.0;0.0;1.0;0.0;0.0;0.0;0.0;0.0;0.0;0.0;0.0;0.0;0.0;0.0;0.0;0.0;0.0;0.0;0.0;0.0;0.0;0.0;0.0;0.0;0.0;0.0;0.0;0.0;0.0;0.0;0.0;0.0;0.0;0.0;0.0;0.0;1.0
Staff 3 - Horizon 11;0.0;0.0;0.0;0.0;0.0;0.0;0.0;0.0;-0.0;0.0;0.0;0.0;0.0;0.0;0.0;0.0;0.0;0.0;0.0;0.0;0.0;0.0;0.0;0.0;0.0;0.0;0.0;0.0;0.0;0.0;0.0;0.0;0.0;0.0;0.0;0.0;0.0;0.0;0.0;0.0;0.0;0.0;0.0;0.0;0.0;0.0;0.0;0.0;-0.0;0.0;0.0;0.0;0.0;0.0;0.0;0.0;0.0;0.0;0.0;0.0;0.0;0.0;0.0;0.0;0.0;0.0;0.0;0.0;0.0;0.0;0.0;0.0;0.0;0.0;0.0;0.0;0.0;0.0;0.0;0.0;0.0;0.0;0.0;0.0;0.0;0.0;-0.0;0.0;0.0;0.0;0.0;0.0;0.0;0.0;0.0;0.0;0.0;0.0;0.0;0.0;0.0;0.0;0.0;0.0;0.0;0.0;-0.0;0.0;0.0;0.0;0.0;0.0;0.0;0.0;0.0;0.0;1.0;0.0;0.0;0.0;0.0;0.0;0.0;0.0;0.0;0.0;0.0;0.0;0.0;0.0;0.0;0.0;0.0;0.0;0.0;0.0;0.0;0.0;0.0;0.0;0.0;0.0;0.0;0.0;0.0;0.0;0.0;0.0;0.0;0.0;1.0
Staff 3 - Horizon 12;0.0;0.0;0.0;0.0;0.0;0.0;0.0;0.0;-0.0;0.0;0.0;0.0;0.0;0.0;0.0;0.0;0.0;0.0;-0.0;0.0;0.0;0.0;0.0;0.0;0.0;0.0;0.0;0.0;0.0;0.0;0.0;0.0;0.0;0.0;0.0;0.0;0.0;0.0;0.0;0.0;0.0;0.0;0.0;0.0;0.0;0.0;0.0;0.0;-0.0;0.0;0.0;0.0;0.0;0.0;0.0;0.0;0.0;0.0;0.0;0.0;0.0;0.0;0.0;0.0;0.0;0.0;0.0;0.0;0.0;0.0;0.0;0.0;0.0;0.0;0.0;0.0;0.0;0.0;0.0;0.0;0.0;0.0;0.0;0.0;0.0;0.0;-0.0;0.0;0.0;0.0;0.0;0.0;0.0;0.0;0.0;0.0;0.0;0.0;0.0;0.0;0.0;0.0;0.0;0.0;0.0;0.0;-0.0;0.0;0.0;0.0;0.0;0.0;0.0;0.0;0.0;0.0;1.0;0.0;0.0;0.0;0.0;0.0;0.0;0.0;0.0;0.0;0.0;0.0;0.0;0.0;0.0;0.0;0.0;0.0;0.0;0.0;0.0;0.0;0.0;0.0;0.0;0.0;0.0;0.0;0.0;0.0;-0.0;0.0;0.0;0.0;1.0
Staff 3 - Horizon 13;0.0;0.0;0.0;0.0;0.0;0.0;0.0;0.0;-0.0;0.0;0.0;0.0;0.0;0.0;0.0;0.0;0.0;0.0;0.0;0.0;0.0;0.0;0.0;0.0;0.0;0.0;0.0;0.0;0.0;0.0;0.0;0.0;0.0;0.0;0.0;0.0;0.0;0.0;0.0;0.0;0.0;0.0;0.0;0.0;0.0;0.0;0.0;0.0;-0.0;0.0;0.0;0.0;0.0;0.0;0.0;0.0;0.0;0.0;0.0;0.0;0.0;0.0;0.0;0.0;0.0;0.0;0.0;0.0;0.0;0.0;0.0;0.0;0.0;0.0;0.0;0.0;0.0;0.0;0.0;0.0;0.0;0.0;0.0;0.0;0.0;0.0;1.0;0.0;0.0;0.0;0.0;0.0;0.0;0.0;0.0;0.0;0.0;0.0;0.0;0.0;0.0;0.0;0.0;0.0;0.0;0.0;-0.0;0.0;0.0;0.0;0.0;0.0;0.0;0.0;0.0;0.0;-0.0;0.0;0.0;0.0;0.0;0.0;0.0;0.0;0.0;0.0;0.0;0.0;0.0;0.0;0.0;0.0;0.0;0.0;0.0;0.0;0.0;0.0;0.0;0.0;0.0;0.0;0.0;0.0;0.0;0.0;0.0;0.0;0.0;0.0;1.0
Staff 3 - Horizon 14;0.0;0.0;0.0;0.0;0.0;0.0;0.0;0.0;-0.0;0.0;0.0;0.0;0.0;0.0;0.0;0.0;0.0;0.0;0.0;0.0;0.0;0.0;0.0;0.0;0.0;0.0;0.0;0.0;0.0;0.0;0.0;0.0;0.0;0.0;0.0;0.0;0.0;0.0;0.0;0.0;0.0;0.0;0.0;0.0;0.0;0.0;0.0;0.0;-0.0;0.0;0.0;0.0;0.0;0.0;0.0;0.0;0.0;0.0;0.0;0.0;0.0;0.0;0.0;0.0;0.0;0.0;0.0;0.0;0.0;0.0;0.0;0.0;0.0;0.0;0.0;0.0;0.0;0.0;0.0;0.0;0.0;0.0;0.0;0.0;0.0;0.0;0.0;0.0;0.0;0.0;0.0;0.0;0.0;0.0;0.0;0.0;0.0;0.0;0.0;0.0;0.0;0.0;0.0;0.0;0.0;0.0;-0.0;0.0;0.0;0.0;0.0;0.0;0.0;0.0;0.0;0.0;-0.0;0.0;0.0;0.0;0.0;0.0;0.0;0.0;0.0;0.0;0.0;0.0;0.0;0.0;0.0;0.0;0.0;0.0;0.0;0.0;0.0;0.0;0.0;0.0;0.0;0.0;0.0;0.0;0.0;0.0;1.0;0.0;0.0;0.0;1.0
Staff 3 - Horizon 15;0.0;0.0;0.0;0.0;0.0;0.0;0.0;0.0;0.0;0.0;0.0;0.0;0.0;0.0;0.0;0.0;0.0;0.0;0.0;0.0;0.0;0.0;0.0;0.0;0.0;0.0;0.0;0.0;0.0;0.0;0.0;0.0;0.0;0.0;0.0;0.0;0.0;0.0;0.0;0.0;0.0;0.0;0.0;0.0;0.0;0.0;0.0;0.0;-0.0;0.0;0.0;0.0;0.0;0.0;0.0;0.0;0.0;0.0;0.0;0.0;0.0;0.0;0.0;0.0;0.0;0.0;0.0;0.0;0.0;0.0;0.0;0.0;0.0;0.0;0.0;0.0;0.0;0.0;0.0;0.0;0.0;0.0;0.0;0.0;0.0;0.0;-0.0;0.0;0.0;0.0;0.0;0.0;0.0;0.0;0.0;0.0;0.0;0.0;0.0;0.0;0.0;0.0;0.0;0.0;0.0;0.0;-0.0;0.0;0.0;0.0;0.0;0.0;0.0;0.0;0.0;0.0;-0.0;0.0;0.0;0.0;0.0;0.0;0.0;0.0;0.0;0.0;0.0;0.0;0.0;0.0;0.0;0.0;0.0;0.0;0.0;0.0;0.0;0.0;0.0;0.0;0.0;0.0;0.0;0.0;0.0;0.0;1.0;0.0;0.0;0.0;1.0
Staff 3 - Horizon 16;0.0;0.0;0.0;0.0;0.0;0.0;0.0;0.0;-0.0;0.0;0.0;0.0;0.0;0.0;0.0;0.0;0.0;0.0;0.0;0.0;0.0;0.0;0.0;0.0;0.0;0.0;0.0;0.0;0.0;0.0;0.0;0.0;0.0;0.0;0.0;0.0;0.0;0.0;0.0;0.0;0.0;0.0;0.0;0.0;0.0;0.0;0.0;0.0;-0.0;0.0;0.0;0.0;0.0;0.0;0.0;0.0;0.0;0.0;0.0;0.0;0.0;0.0;0.0;0.0;0.0;0.0;0.0;0.0;0.0;0.0;0.0;0.0;0.0;0.0;0.0;0.0;0.0;0.0;0.0;0.0;0.0;0.0;0.0;0.0;0.0;0.0;-0.0;0.0;0.0;0.0;0.0;0.0;0.0;0.0;0.0;0.0;0.0;0.0;0.0;0.0;0.0;0.0;0.0;0.0;0.0;0.0;-0.0;0.0;0.0;0.0;0.0;0.0;0.0;0.0;0.0;0.0;-0.0;0.0;0.0;0.0;0.0;0.0;0.0;0.0;0.0;0.0;0.0;0.0;0.0;0.0;0.0;0.0;0.0;0.0;0.0;0.0;0.0;0.0;0.0;0.0;0.0;0.0;0.0;0.0;0.0;0.0;1.0;0.0;0.0;0.0;1.0
Staff 3 - Horizon 17;0.0;0.0;0.0;0.0;0.0;0.0;0.0;0.0;1.0;0.0;0.0;0.0;0.0;0.0;0.0;0.0;0.0;0.0;0.0;0.0;0.0;0.0;0.0;0.0;0.0;0.0;0.0;0.0;0.0;0.0;0.0;0.0;0.0;0.0;0.0;0.0;0.0;0.0;0.0;0.0;0.0;0.0;0.0;0.0;0.0;0.0;0.0;0.0;-0.0;0.0;0.0;0.0;0.0;0.0;0.0;0.0;0.0;0.0;0.0;0.0;0.0;0.0;0.0;0.0;0.0;0.0;0.0;0.0;0.0;0.0;0.0;0.0;0.0;0.0;0.0;0.0;0.0;0.0;0.0;0.0;0.0;0.0;0.0;0.0;0.0;0.0;-0.0;0.0;0.0;0.0;0.0;0.0;0.0;0.0;0.0;0.0;0.0;0.0;0.0;0.0;0.0;0.0;0.0;0.0;0.0;0.0;-0.0;0.0;0.0;0.0;0.0;0.0;0.0;0.0;0.0;0.0;-0.0;0.0;0.0;0.0;0.0;0.0;0.0;0.0;0.0;0.0;0.0;0.0;0.0;0.0;0.0;0.0;0.0;0.0;0.0;0.0;0.0;0.0;0.0;0.0;0.0;0.0;0.0;0.0;0.0;0.0;0.0;0.0;0.0;0.0;1.0
Staff 3 - Horizon 18;0.0;0.0;0.0;0.0;0.0;0.0;0.0;0.0;0.0;0.0;0.0;0.0;0.0;0.0;0.0;0.0;0.0;0.0;0.0;0.0;0.0;0.0;0.0;0.0;0.0;0.0;0.0;0.0;0.0;0.0;0.0;0.0;0.0;0.0;0.0;0.0;0.0;0.0;0.0;0.0;0.0;0.0;0.0;0.0;0.0;0.0;0.0;0.0;-0.0;0.0;0.0;0.0;0.0;0.0;0.0;0.0;0.0;0.0;0.0;0.0;0.0;0.0;0.0;0.0;0.0;0.0;0.0;0.0;0.0;0.0;0.0;0.0;0.0;0.0;0.0;0.0;0.0;0.0;0.0;0.0;0.0;0.0;0.0;0.0;0.0;0.0;1.0;0.0;0.0;0.0;0.0;0.0;0.0;0.0;0.0;0.0;0.0;0.0;0.0;0.0;0.0;0.0;0.0;0.0;0.0;0.0;-0.0;0.0;0.0;0.0;0.0;0.0;0.0;0.0;0.0;0.0;-0.0;0.0;0.0;0.0;0.0;0.0;0.0;0.0;0.0;0.0;0.0;0.0;0.0;0.0;0.0;0.0;0.0;0.0;0.0;0.0;0.0;0.0;0.0;0.0;0.0;0.0;0.0;0.0;0.0;0.0;-0.0;0.0;0.0;0.0;1.0
Staff 3 - Horizon 19;0.0;0.0;0.0;0.0;0.0;0.0;0.0;0.0;1.0;0.0;0.0;0.0;0.0;0.0;0.0;0.0;0.0;0.0;-0.0;0.0;0.0;0.0;0.0;0.0;0.0;0.0;0.0;0.0;0.0;0.0;0.0;0.0;0.0;0.0;0.0;0.0;0.0;0.0;0.0;0.0;0.0;0.0;0.0;0.0;0.0;0.0;0.0;0.0;-0.0;0.0;0.0;0.0;0.0;0.0;0.0;0.0;0.0;0.0;0.0;0.0;0.0;0.0;0.0;0.0;0.0;0.0;0.0;0.0;0.0;0.0;0.0;0.0;0.0;0.0;0.0;0.0;0.0;0.0;0.0;0.0;0.0;0.0;0.0;0.0;0.0;0.0;-0.0;0.0;0.0;0.0;0.0;0.0;0.0;0.0;0.0;0.0;0.0;0.0;0.0;0.0;0.0;0.0;0.0;0.0;0.0;0.0;-0.0;0.0;0.0;0.0;0.0;0.0;0.0;0.0;0.0;0.0;-0.0;0.0;0.0;0.0;0.0;0.0;0.0;0.0;0.0;0.0;0.0;0.0;0.0;0.0;0.0;0.0;0.0;0.0;0.0;0.0;0.0;0.0;0.0;0.0;0.0;0.0;0.0;0.0;0.0;0.0;0.0;0.0;0.0;0.0;1.0
Staff 3 - Horizon 20;0.0;0.0;0.0;0.0;0.0;0.0;0.0;0.0;1.0;0.0;0.0;0.0;0.0;0.0;0.0;0.0;0.0;0.0;-0.0;0.0;0.0;0.0;0.0;0.0;0.0;0.0;0.0;0.0;0.0;0.0;0.0;0.0;0.0;0.0;0.0;0.0;0.0;0.0;0.0;0.0;0.0;0.0;0.0;0.0;0.0;0.0;0.0;0.0;-0.0;0.0;0.0;0.0;0.0;0.0;0.0;0.0;0.0;0.0;0.0;0.0;0.0;0.0;0.0;0.0;0.0;0.0;0.0;0.0;0.0;0.0;0.0;0.0;0.0;0.0;0.0;0.0;0.0;0.0;0.0;0.0;0.0;0.0;0.0;0.0;0.0;0.0;0.0;0.0;0.0;0.0;0.0;0.0;0.0;0.0;0.0;0.0;0.0;0.0;0.0;0.0;0.0;0.0;0.0;0.0;0.0;0.0;-0.0;0.0;0.0;0.0;0.0;0.0;0.0;0.0;0.0;0.0;-0.0;0.0;0.0;0.0;0.0;0.0;0.0;0.0;0.0;0.0;0.0;0.0;0.0;0.0;0.0;0.0;0.0;0.0;0.0;0.0;0.0;0.0;0.0;0.0;0.0;0.0;0.0;0.0;0.0;0.0;-0.0;0.0;0.0;0.0;1.0
Staff 3 - Horizon 21;0.0;0.0;0.0;0.0;0.0;0.0;0.0;0.0;1.0;0.0;0.0;0.0;0.0;0.0;0.0;0.0;0.0;0.0;-0.0;0.0;0.0;0.0;0.0;0.0;0.0;0.0;0.0;0.0;0.0;0.0;0.0;0.0;0.0;0.0;0.0;0.0;0.0;0.0;0.0;0.0;0.0;0.0;0.0;0.0;0.0;0.0;0.0;0.0;-0.0;0.0;0.0;0.0;0.0;0.0;0.0;0.0;0.0;0.0;0.0;0.0;0.0;0.0;0.0;0.0;0.0;0.0;0.0;0.0;0.0;0.0;0.0;0.0;0.0;0.0;0.0;0.0;0.0;0.0;0.0;0.0;0.0;0.0;0.0;0.0;0.0;0.0;-0.0;0.0;0.0;0.0;0.0;0.0;0.0;0.0;0.0;0.0;0.0;0.0;0.0;0.0;0.0;0.0;0.0;0.0;0.0;0.0;-0.0;0.0;0.0;0.0;0.0;0.0;0.0;0.0;0.0;0.0;-0.0;0.0;0.0;0.0;0.0;0.0;0.0;0.0;0.0;0.0;0.0;0.0;0.0;0.0;0.0;0.0;0.0;0.0;0.0;0.0;0.0;0.0;0.0;0.0;0.0;0.0;0.0;0.0;0.0;0.0;-0.0;0.0;0.0;0.0;1.0
Staff 3 - Horizon 22;0.0;0.0;0.0;0.0;0.0;0.0;0.0;0.0;-0.0;0.0;0.0;0.0;0.0;0.0;0.0;0.0;0.0;0.0;-0.0;0.0;0.0;0.0;0.0;0.0;0.0;0.0;0.0;0.0;0.0;0.0;0.0;0.0;0.0;0.0;0.0;0.0;0.0;0.0;0.0;0.0;0.0;0.0;0.0;0.0;0.0;0.0;0.0;0.0;-0.0;0.0;0.0;0.0;0.0;0.0;0.0;0.0;0.0;0.0;0.0;0.0;0.0;0.0;0.0;0.0;0.0;0.0;0.0;0.0;0.0;0.0;0.0;0.0;0.0;0.0;0.0;0.0;0.0;0.0;0.0;0.0;0.0;0.0;0.0;0.0;0.0;0.0;-0.0;0.0;0.0;0.0;0.0;0.0;0.0;0.0;0.0;0.0;0.0;0.0;0.0;0.0;0.0;0.0;0.0;0.0;0.0;0.0;-0.0;0.0;0.0;0.0;0.0;0.0;0.0;0.0;0.0;0.0;-0.0;0.0;0.0;0.0;0.0;0.0;0.0;0.0;0.0;0.0;0.0;0.0;0.0;0.0;0.0;0.0;0.0;0.0;0.0;0.0;0.0;0.0;0.0;0.0;0.0;0.0;0.0;0.0;0.0;0.0;-0.0;0.0;0.0;0.0;0.0
Staff 4 - Horizon 1;0.0;0.0;0.0;0.0;0.0;0.0;0.0;0.0;0.0;0.0;0.0;0.0;0.0;-0.0;0.0;-0.0;0.0;0.0;0.0;0.0;0.0;0.0;0.0;0.0;0.0;-0.0;0.0;0.0;0.0;0.0;0.0;0.0;0.0;0.0;0.0;0.0;0.0;0.0;0.0;0.0;0.0;0.0;0.0;0.0;0.0;-0.0;0.0;0.0;0.0;0.0;0.0;0.0;0.0;-0.0;0.0;0.0;0.0;0.0;0.0;0.0;0.0;0.0;0.0;-0.0;0.0;0.0;0.0;0.0;0.0;0.0;0.0;0.0;0.0;0.0;0.0;0.0;0.0;0.0;0.0;0.0;0.0;-0.0;0.0;0.0;0.0;0.0;-0.0;0.0;0.0;0.0;0.0;0.0;0.0;0.0;0.0;0.0;0.0;0.0;0.0;0.0;0.0;-0.0;0.0;0.0;0.0;0.0;-0.0;0.0;0.0;0.0;0.0;0.0;0.0;0.0;0.0;0.0;-0.0;0.0;0.0;0.0;0.0;0.0;0.0;0.0;1.0;0.0;0.0;0.0;0.0;-0.0;0.0;-0.0;0.0;0.0;-0.0;0.0;0.0;0.0;0.0;0.0;0.0;-0.0;0.0;0.0;0.0;0.0;-0.0;0.0;0.0;0.0;1.0
Staff 4 - Horizon 2;0.0;0.0;0.0;0.0;0.0;0.0;0.0;0.0;0.0;0.0;0.0;0.0;0.0;-0.0;0.0;-0.0;0.0;0.0;0.0;0.0;0.0;0.0;0.0;0.0;0.0;-0.0;0.0;0.0;0.0;0.0;0.0;0.0;0.0;0.0;0.0;0.0;0.0;0.0;0.0;0.0;0.0;0.0;0.0;-0.0;0.0;-0.0;0.0;0.0;0.0;0.0;0.0;0.0;0.0;-0.0;0.0;0.0;0.0;0.0;0.0;0.0;0.0;0.0;0.0;-0.0;0.0;0.0;0.0;0.0;0.0;0.0;0.0;0.0;0.0;0.0;0.0;0.0;0.0;0.0;0.0;0.0;0.0;-0.0;0.0;0.0;0.0;0.0;-0.0;0.0;0.0;0.0;0.0;0.0;0.0;0.0;0.0;0.0;0.0;0.0;0.0;0.0;0.0;-0.0;0.0;0.0;0.0;0.0;-0.0;0.0;0.0;0.0;0.0;0.0;0.0;0.0;-0.0;0.0;-0.0;0.0;0.0;0.0;0.0;0.0;0.0;0.0;1.0;0.0;0.0;0.0;0.0;-0.0;0.0;-0.0;0.0;0.0;-0.0;0.0;0.0;0.0;0.0;0.0;0.0;0.0;0.0;0.0;0.0;0.0;-0.0;0.0;0.0;0.0;1.0
Staff 4 - Horizon 3;0.0;0.0;0.0;0.0;0.0;0.0;0.0;0.0;0.0;0.0;0.0;0.0;0.0;-0.0;0.0;-0.0;0.0;0.0;0.0;0.0;0.0;0.0;0.0;0.0;0.0;-0.0;0.0;0.0;0.0;0.0;0.0;0.0;0.0;0.0;0.0;0.0;0.0;0.0;0.0;0.0;0.0;0.0;0.0;0.0;0.0;-0.0;0.0;0.0;0.0;0.0;0.0;0.0;0.0;-0.0;0.0;0.0;0.0;0.0;0.0;0.0;0.0;0.0;0.0;-0.0;0.0;0.0;0.0;0.0;0.0;0.0;0.0;0.0;0.0;0.0;0.0;0.0;0.0;0.0;0.0;0.0;0.0;-0.0;0.0;0.0;0.0;0.0;-0.0;0.0;0.0;0.0;0.0;0.0;0.0;0.0;0.0;0.0;0.0;0.0;0.0;0.0;0.0;-0.0;0.0;0.0;0.0;0.0;-0.0;0.0;0.0;0.0;0.0;0.0;0.0;0.0;-0.0;0.0;-0.0;0.0;0.0;0.0;0.0;0.0;0.0;0.0;0.0;0.0;0.0;0.0;0.0;1.0;0.0;-0.0;0.0;0.0;-0.0;0.0;0.0;0.0;0.0;0.0;0.0;-0.0;0.0;0.0;0.0;0.0;-0.0;0.0;0.0;0.0;1.0
Staff 4 - Horizon 4;0.0;0.0;0.0;0.0;0.0;0.0;0.0;0.0;0.0;0.0;0.0;0.0;0.0;-0.0;0.0;-0.0;0.0;0.0;0.0;0.0;0.0;0.0;0.0;0.0;0.0;-0.0;0.0;0.0;0.0;0.0;0.0;0.0;0.0;0.0;0.0;0.0;0.0;0.0;0.0;0.0;0.0;0.0;0.0;0.0;0.0;-0.0;0.0;0.0;0.0;0.0;0.0;0.0;0.0;-0.0;0.0;0.0;0.0;0.0;0.0;0.0;0.0;0.0;0.0;-0.0;0.0;0.0;0.0;0.0;0.0;0.0;0.0;0.0;0.0;0.0;0.0;0.0;0.0;0.0;0.0;0.0;0.0;-0.0;0.0;0.0;0.0;0.0;-0.0;0.0;0.0;0.0;0.0;0.0;0.0;0.0;0.0;0.0;0.0;0.0;0.0;0.0;0.0;-0.0;0.0;0.0;0.0;0.0;-0.0;0.0;0.0;0.0;0.0;0.0;0.0;0.0;-0.0;0.0;-0.0;0.0;0.0;0.0;0.0;0.0;0.0;0.0;-0.0;0.0;0.0;0.0;0.0;1.0;0.0;-0.0;0.0;0.0;-0.0;0.0;0.0;0.0;0.0;0.0;0.0;-0.0;0.0;0.0;0.0;0.0;-0.0;0.0;0.0;0.0;1.0
Staff 4 - Horizon 5;0.0;0.0;0.0;0.0;0.0;0.0;0.0;0.0;0.0;0.0;0.0;0.0;0.0;-0.0;0.0;-0.0;0.0;0.0;0.0;0.0;0.0;0.0;0.0;0.0;0.0;-0.0;0.0;0.0;0.0;0.0;0.0;0.0;0.0;0.0;0.0;0.0;0.0;0.0;0.0;0.0;0.0;0.0;0.0;0.0;0.0;-0.0;0.0;0.0;0.0;0.0;0.0;0.0;0.0;-0.0;0.0;0.0;0.0;0.0;0.0;0.0;0.0;0.0;0.0;-0.0;0.0;0.0;0.0;0.0;0.0;0.0;0.0;0.0;0.0;0.0;0.0;0.0;0.0;0.0;0.0;0.0;0.0;-0.0;0.0;0.0;0.0;0.0;-0.0;0.0;0.0;0.0;0.0;0.0;0.0;0.0;0.0;0.0;0.0;0.0;0.0;0.0;0.0;-0.0;0.0;0.0;0.0;0.0;-0.0;0.0;0.0;0.0;0.0;0.0;0.0;0.0;-0.0;0.0;-0.0;0.0;0.0;0.0;0.0;0.0;0.0;0.0;1.0;0.0;0.0;0.0;0.0;-0.0;0.0;-0.0;0.0;0.0;-0.0;0.0;0.0;0.0;0.0;0.0;0.0;-0.0;0.0;0.0;0.0;0.0;-0.0;0.0;0.0;0.0;1.0
Staff 4 - Horizon 6;0.0;0.0;0.0;0.0;0.0;0.0;0.0;0.0;0.0;0.0;0.0;0.0;0.0;-0.0;0.0;-0.0;0.0;0.0;0.0;0.0;0.0;0.0;0.0;0.0;0.0;-0.0;0.0;0.0;0.0;0.0;0.0;0.0;0.0;0.0;0.0;0.0;0.0;0.0;0.0;0.0;0.0;0.0;0.0;0.0;0.0;-0.0;0.0;0.0;0.0;0.0;0.0;0.0;0.0;-0.0;0.0;0.0;0.0;0.0;0.0;0.0;0.0;0.0;0.0;-0.0;0.0;0.0;0.0;0.0;0.0;0.0;0.0;0.0;0.0;0.0;0.0;0.0;0.0;0.0;0.0;0.0;0.0;-0.0;0.0;0.0;0.0;0.0;-0.0;0.0;0.0;0.0;0.0;0.0;0.0;0.0;0.0;0.0;0.0;0.0;0.0;0.0;0.0;-0.0;0.0;0.0;0.0;0.0;-0.0;0.0;0.0;0.0;0.0;0.0;0.0;0.0;-0.0;0.0;-0.0;0.0;0.0;0.0;0.0;0.0;0.0;0.0;1.0;0.0;0.0;0.0;0.0;-0.0;0.0;-0.0;0.0;0.0;-0.0;0.0;0.0;0.0;0.0;0.0;0.0;-0.0;0.0;0.0;0.0;0.0;-0.0;0.0;0.0;0.0;1.0
Staff 4 - Horizon 7;0.0;0.0;0.0;0.0;0.0;0.0;0.0;0.0;0.0;0.0;0.0;0.0;0.0;-0.0;0.0;-0.0;0.0;0.0;0.0;0.0;0.0;0.0;0.0;0.0;0.0;-0.0;0.0;0.0;0.0;0.0;0.0;0.0;0.0;0.0;0.0;0.0;0.0;0.0;0.0;0.0;0.0;0.0;0.0;0.0;0.0;-0.0;0.0;0.0;0.0;0.0;0.0;0.0;0.0;-0.0;0.0;0.0;0.0;0.0;0.0;0.0;0.0;0.0;0.0;-0.0;0.0;0.0;0.0;0.0;0.0;0.0;0.0;0.0;0.0;0.0;0.0;0.0;0.0;0.0;0.0;0.0;0.0;-0.0;0.0;0.0;0.0;0.0;-0.0;0.0;0.0;0.0;0.0;0.0;0.0;0.0;0.0;0.0;0.0;0.0;0.0;0.0;0.0;-0.0;0.0;0.0;0.0;0.0;-0.0;0.0;0.0;0.0;0.0;0.0;0.0;0.0;0.0;0.0;-0.0;0.0;0.0;0.0;0.0;0.0;0.0;0.0;1.0;0.0;0.0;0.0;0.0;-0.0;0.0;-0.0;0.0;0.0;-0.0;0.0;0.0;0.0;0.0;0.0;0.0;-0.0;0.0;0.0;0.0;0.0;-0.0;0.0;0.0;0.0;1.0
Staff 4 - Horizon 8;0.0;0.0;0.0;0.0;0.0;0.0;0.0;0.0;0.0;0.0;0.0;0.0;0.0;-0.0;0.0;-0.0;0.0;0.0;0.0;0.0;0.0;0.0;0.0;0.0;0.0;-0.0;0.0;0.0;0.0;0.0;0.0;0.0;0.0;0.0;0.0;0.0;0.0;0.0;0.0;0.0;0.0;0.0;0.0;0.0;0.0;-0.0;0.0;0.0;0.0;0.0;0.0;0.0;0.0;-0.0;0.0;0.0;0.0;0.0;0.0;0.0;0.0;0.0;0.0;-0.0;0.0;0.0;0.0;0.0;0.0;0.0;0.0;0.0;0.0;0.0;0.0;0.0;0.0;0.0;0.0;0.0;0.0;-0.0;0.0;0.0;0.0;0.0;-0.0;0.0;0.0;0.0;0.0;0.0;0.0;0.0;0.0;0.0;0.0;0.0;0.0;0.0;0.0;-0.0;0.0;0.0;0.0;0.0;-0.0;0.0;0.0;0.0;0.0;0.0;0.0;0.0;-0.0;0.0;-0.0;0.0;0.0;0.0;0.0;0.0;0.0;0.0;1.0;0.0;0.0;0.0;0.0;-0.0;0.0;-0.0;0.0;0.0;-0.0;0.0;0.0;0.0;0.0;0.0;0.0;-0.0;0.0;0.0;0.0;0.0;-0.0;0.0;0.0;0.0;1.0
Staff 4 - Horizon 9;0.0;0.0;0.0;0.0;0.0;0.0;0.0;0.0;0.0;0.0;0.0;0.0;0.0;-0.0;0.0;-0.0;0.0;0.0;0.0;0.0;0.0;0.0;0.0;0.0;0.0;-0.0;0.0;0.0;0.0;0.0;0.0;0.0;0.0;0.0;0.0;0.0;0.0;0.0;0.0;0.0;0.0;0.0;0.0;0.0;0.0;-0.0;0.0;0.0;0.0;0.0;0.0;0.0;0.0;-0.0;0.0;0.0;0.0;0.0;0.0;0.0;0.0;0.0;0.0;-0.0;0.0;0.0;0.0;0.0;0.0;0.0;0.0;0.0;0.0;0.0;0.0;0.0;0.0;0.0;0.0;0.0;0.0;-0.0;0.0;0.0;0.0;0.0;-0.0;0.0;0.0;0.0;0.0;0.0;0.0;0.0;0.0;0.0;0.0;0.0;0.0;0.0;0.0;-0.0;0.0;0.0;0.0;0.0;-0.0;0.0;0.0;0.0;0.0;0.0;0.0;0.0;-0.0;0.0;-0.0;0.0;0.0;0.0;0.0;0.0;0.0;0.0;1.0;0.0;0.0;0.0;0.0;-0.0;0.0;-0.0;0.0;0.0;-0.0;0.0;0.0;0.0;0.0;0.0;0.0;-0.0;0.0;0.0;0.0;0.0;-0.0;0.0;0.0;0.0;1.0
Staff 4 - Horizon 10;0.0;0.0;0.0;0.0;0.0;0.0;0.0;0.0;0.0;0.0;0.0;0.0;0.0;-0.0;0.0;-0.0;0.0;0.0;0.0;0.0;0.0;0.0;0.0;0.0;0.0;-0.0;0.0;0.0;0.0;0.0;0.0;0.0;0.0;0.0;0.0;0.0;0.0;0.0;0.0;0.0;0.0;0.0;0.0;0.0;0.0;-0.0;0.0;0.0;0.0;0.0;0.0;0.0;0.0;-0.0;0.0;0.0;0.0;0.0;0.0;0.0;0.0;0.0;0.0;-0.0;0.0;0.0;0.0;0.0;0.0;0.0;0.0;0.0;0.0;0.0;0.0;0.0;0.0;0.0;0.0;0.0;0.0;-0.0;0.0;0.0;0.0;0.0;-0.0;0.0;0.0;0.0;0.0;0.0;0.0;0.0;0.0;0.0;0.0;0.0;0.0;0.0;0.0;-0.0;0.0;0.0;0.0;0.0;-0.0;0.0;0.0;0.0;0.0;0.0;0.0;0.0;-0.0;0.0;-0.0;0.0;0.0;0.0;0.0;0.0;0.0;0.0;1.0;0.0;0.0;0.0;0.0;-0.0;0.0;-0.0;0.0;0.0;-0.0;0.0;0.0;0.0;0.0;0.0;0.0;-0.0;0.0;0.0;0.0;0.0;-0.0;0.0;0.0;0.0;1.0
Staff 4 - Horizon 11;0.0;0.0;0.0;0.0;0.0;0.0;0.0;0.0;0.0;0.0;0.0;0.0;0.0;-0.0;0.0;-0.0;0.0;0.0;0.0;0.0;0.0;0.0;0.0;0.0;0.0;-0.0;0.0;0.0;0.0;0.0;0.0;0.0;0.0;0.0;0.0;0.0;0.0;0.0;0.0;0.0;0.0;0.0;0.0;-0.0;0.0;-0.0;0.0;0.0;0.0;0.0;0.0;0.0;0.0;-0.0;0.0;0.0;0.0;0.0;0.0;0.0;0.0;0.0;0.0;-0.0;0.0;0.0;0.0;0.0;0.0;0.0;0.0;0.0;0.0;0.0;0.0;0.0;0.0;0.0;0.0;0.0;0.0;-0.0;0.0;0.0;0.0;0.0;-0.0;0.0;0.0;0.0;0.0;0.0;0.0;0.0;0.0;0.0;0.0;0.0;0.0;0.0;0.0;-0.0;0.0;0.0;0.0;0.0;-0.0;0.0;0.0;0.0;0.0;0.0;0.0;0.0;0.0;0.0;-0.0;0.0;0.0;0.0;0.0;0.0;0.0;0.0;-0.0;0.0;0.0;0.0;0.0;1.0;0.0;-0.0;0.0;0.0;-0.0;0.0;0.0;0.0;0.0;0.0;0.0;-0.0;0.0;0.0;0.0;0.0;-0.0;0.0;0.0;0.0;1.0
Staff 4 - Horizon 12;0.0;0.0;0.0;0.0;0.0;0.0;0.0;0.0;0.0;0.0;0.0;0.0;0.0;-0.0;0.0;-0.0;0.0;0.0;0.0;0.0;0.0;0.0;0.0;0.0;0.0;-0.0;0.0;0.0;0.0;0.0;0.0;0.0;0.0;0.0;0.0;0.0;0.0;0.0;0.0;0.0;0.0;0.0;0.0;-0.0;0.0;-0.0;0.0;0.0;0.0;0.0;0.0;0.0;0.0;-0.0;0.0;0.0;0.0;0.0;0.0;0.0;0.0;0.0;0.0;-0.0;0.0;0.0;0.0;0.0;0.0;0.0;0.0;0.0;0.0;0.0;0.0;0.0;0.0;0.0;0.0;0.0;0.0;-0.0;0.0;0.0;0.0;0.0;-0.0;0.0;0.0;0.0;0.0;0.0;0.0;0.0;0.0;0.0;0.0;0.0;0.0;0.0;0.0;-0.0;0.0;0.0;0.0;0.0;-0.0;0.0;0.0;0.0;0.0;0.0;0.0;0.0;-0.0;0.0;-0.0;0.0;0.0;0.0;0.0;0.0;0.0;0.0;-0.0;0.0;0.0;0.0;0.0;1.0;0.0;-0.0;0.0;0.0;-0.0;0.0;0.0;0.0;0.0;0.0;0.0;-0.0;0.0;0.0;0.0;0.0;-0.0;0.0;0.0;0.0;1.0
Staff 4 - Horizon 13;0.0;0.0;0.0;0.0;0.0;0.0;0.0;0.0;0.0;0.0;0.0;0.0;0.0;-0.0;0.0;-0.0;0.0;0.0;0.0;0.0;0.0;0.0;0.0;0.0;0.0;-0.0;0.0;0.0;0.0;0.0;0.0;0.0;0.0;0.0;0.0;0.0;0.0;0.0;0.0;0.0;0.0;0.0;0.0;-0.0;0.0;-0.0;0.0;0.0;0.0;0.0;0.0;0.0;0.0;-0.0;0.0;0.0;0.0;0.0;0.0;0.0;0.0;0.0;0.0;-0.0;0.0;0.0;0.0;0.0;0.0;0.0;0.0;0.0;0.0;0.0;0.0;0.0;0.0;0.0;0.0;0.0;0.0;-0.0;0.0;0.0;0.0;0.0;-0.0;0.0;0.0;0.0;0.0;0.0;0.0;0.0;0.0;0.0;0.0;0.0;0.0;0.0;0.0;-0.0;0.0;0.0;0.0;0.0;-0.0;0.0;0.0;0.0;0.0;0.0;0.0;0.0;-0.0;0.0;-0.0;0.0;0.0;0.0;0.0;0.0;0.0;0.0;-0.0;0.0;0.0;0.0;0.0;0.0;0.0;-0.0;0.0;0.0;-0.0;0.0;0.0;0.0;0.0;0.0;0.0;1.0;0.0;0.0;0.0;0.0;-0.0;0.0;0.0;0.0;1.0
Staff 4 - Horizon 14;0.0;0.0;0.0;0.0;0.0;0.0;0.0;0.0;0.0;0.0;0.0;0.0;0.0;-0.0;0.0;-0.0;0.0;0.0;0.0;0.0;0.0;0.0;0.0;0.0;0.0;-0.0;0.0;0.0;0.0;0.0;0.0;0.0;0.0;0.0;0.0;0.0;0.0;0.0;0.0;0.0;0.0;0.0;0.0;-0.0;0.0;-0.0;0.0;0.0;0.0;0.0;0.0;0.0;0.0;-0.0;0.0;0.0;0.0;0.0;0.0;0.0;0.0;0.0;0.0;-0.0;0.0;0.0;0.0;0.0;0.0;0.0;0.0;0.0;0.0;0.0;0.0;0.0;0.0;0.0;0.0;0.0;0.0;-0.0;0.0;0.0;0.0;0.0;-0.0;0.0;0.0;0.0;0.0;0.0;0.0;0.0;0.0;0.0;0.0;0.0;0.0;0.0;0.0;-0.0;0.0;0.0;0.0;0.0;-0.0;0.0;0.0;0.0;0.0;0.0;0.0;0.0;-0.0;0.0;-0.0;0.0;0.0;0.0;0.0;0.0;0.0;0.0;-0.0;0.0;0.0;0.0;0.0;0.0;0.0;-0.0;0.0;0.0;-0.0;0.0;0.0;0.0;0.0;0.0;0.0;1.0;0.0;0.0;0.0;0.0;-0.0;0.0;0.0;0.0;1.0
Staff 4 - Horizon 15;0.0;0.0;0.0;0.0;0.0;0.0;0.0;0.0;0.0;0.0;0.0;0.0;0.0;-0.0;0.0;-0.0;0.0;0.0;0.0;0.0;0.0;0.0;0.0;0.0;0.0;-0.0;0.0;0.0;0.0;0.0;0.0;0.0;0.0;0.0;0.0;0.0;0.0;0.0;0.0;0.0;0.0;0.0;0.0;-0.0;0.0;-0.0;0.0;0.0;0.0;0.0;0.0;0.0;0.0;0.0;0.0;0.0;0.0;0.0;0.0;0.0;0.0;0.0;0.0;-0.0;0.0;0.0;0.0;0.0;0.0;0.0;0.0;0.0;0.0;0.0;0.0;0.0;0.0;0.0;0.0;0.0;0.0;-0.0;0.0;0.0;0.0;0.0;-0.0;0.0;0.0;0.0;0.0;0.0;0.0;0.0;0.0;0.0;0.0;0.0;0.0;0.0;0.0;-0.0;0.0;0.0;0.0;0.0;-0.0;0.0;0.0;0.0;0.0;0.0;0.0;0.0;-0.0;0.0;-0.0;0.0;0.0;0.0;0.0;0.0;0.0;0.0;-0.0;0.0;0.0;0.0;0.0;-0.0;0.0;-0.0;0.0;0.0;-0.0;0.0;0.0;0.0;0.0;0.0;0.0;1.0;0.0;0.0;0.0;0.0;-0.0;0.0;0.0;0.0;1.0
Staff 4 - Horizon 16;0.0;0.0;0.0;0.0;0.0;0.0;0.0;0.0;0.0;0.0;0.0;0.0;0.0;-0.0;0.0;-0.0;0.0;0.0;0.0;0.0;0.0;0.0;0.0;0.0;0.0;-0.0;0.0;0.0;0.0;0.0;0.0;0.0;0.0;0.0;0.0;0.0;0.0;0.0;0.0;0.0;0.0;0.0;0.0;-0.0;0.0;-0.0;0.0;0.0;0.0;0.0;0.0;0.0;0.0;0.0;0.0;0.0;0.0;0.0;0.0;0.0;0.0;0.0;0.0;-0.0;0.0;0.0;0.0;0.0;0.0;0.0;0.0;0.0;0.0;0.0;0.0;0.0;0.0;0.0;0.0;0.0;0.0;-0.0;0.0;0.0;0.0;0.0;-0.0;0.0;0.0;0.0;0.0;0.0;0.0;0.0;0.0;0.0;0.0;0.0;0.0;0.0;0.0;-0.0;0.0;0.0;0.0;0.0;-0.0;0.0;0.0;0.0;0.0;0.0;0.0;0.0;-0.0;0.0;-0.0;0.0;0.0;0.0;0.0;0.0;0.0;0.0;-0.0;0.0;0.0;0.0;0.0;-0.0;0.0;-0.0;0.0;0.0;-0.0;0.0;0.0;0.0;0.0;0.0;0.0;1.0;0.0;0.0;0.0;0.0;-0.0;0.0;0.0;0.0;1.0
Staff 4 - Horizon 17;0.0;0.0;0.0;0.0;0.0;0.0;0.0;0.0;0.0;0.0;0.0;0.0;0.0;-0.0;0.0;-0.0;0.0;0.0;0.0;0.0;0.0;0.0;0.0;0.0;0.0;-0.0;0.0;0.0;0.0;0.0;0.0;0.0;0.0;0.0;0.0;0.0;0.0;0.0;0.0;0.0;0.0;0.0;0.0;-0.0;0.0;-0.0;0.0;0.0;0.0;0.0;0.0;0.0;0.0;0.0;0.0;0.0;0.0;0.0;0.0;0.0;0.0;0.0;0.0;-0.0;0.0;0.0;0.0;0.0;0.0;0.0;0.0;0.0;0.0;0.0;0.0;0.0;0.0;0.0;0.0;0.0;0.0;1.0;0.0;0.0;0.0;0.0;-0.0;0.0;0.0;0.0;0.0;0.0;0.0;0.0;0.0;0.0;0.0;0.0;0.0;0.0;0.0;-0.0;0.0;0.0;0.0;0.0;-0.0;0.0;0.0;0.0;0.0;0.0;0.0;0.0;-0.0;0.0;-0.0;0.0;0.0;0.0;0.0;0.0;0.0;0.0;-0.0;0.0;0.0;0.0;0.0;-0.0;0.0;-0.0;0.0;0.0;-0.0;0.0;0.0;0.0;0.0;0.0;0.0;-0.0;0.0;0.0;0.0;0.0;-0.0;0.0;0.0;0.0;1.0
Staff 4 - Horizon 18;0.0;0.0;0.0;0.0;0.0;0.0;0.0;0.0;0.0;0.0;0.0;0.0;0.0;0.0;0.0;-0.0;0.0;0.0;0.0;0.0;0.0;0.0;0.0;0.0;0.0;-0.0;0.0;0.0;0.0;0.0;0.0;0.0;0.0;0.0;0.0;0.0;0.0;0.0;0.0;0.0;0.0;0.0;0.0;-0.0;0.0;-0.0;0.0;0.0;0.0;0.0;0.0;0.0;0.0;-0.0;0.0;0.0;0.0;0.0;0.0;0.0;0.0;0.0;0.0;-0.0;0.0;0.0;0.0;0.0;0.0;0.0;0.0;0.0;0.0;0.0;0.0;0.0;0.0;0.0;0.0;0.0;0.0;1.0;0.0;0.0;0.0;0.0;0.0;0.0;0.0;0.0;0.0;0.0;0.0;0.0;0.0;0.0;0.0;0.0;0.0;0.0;0.0;-0.0;0.0;0.0;0.0;0.0;-0.0;0.0;0.0;0.0;0.0;0.0;0.0;0.0;-0.0;0.0;-0.0;0.0;0.0;0.0;0.0;0.0;0.0;0.0;-0.0;0.0;0.0;0.0;0.0;-0.0;0.0;-0.0;0.0;0.0;-0.0;0.0;0.0;0.0;0.0;0.0;0.0;0.0;0.0;0.0;0.0;0.0;-0.0;0.0;0.0;0.0;1.0
Staff 4 - Horizon 19;0.0;0.0;0.0;0.0;0.0;0.0;0.0;0.0;0.0;0.0;0.0;0.0;0.0;-0.0;0.0;-0.0;0.0;0.0;0.0;0.0;0.0;0.0;0.0;0.0;0.0;-0.0;0.0;0.0;0.0;0.0;0.0;0.0;0.0;0.0;0.0;0.0;0.0;0.0;0.0;0.0;0.0;0.0;0.0;-0.0;0.0;-0.0;0.0;0.0;0.0;0.0;0.0;0.0;0.0;-0.0;0.0;0.0;0.0;0.0;0.0;0.0;0.0;0.0;0.0;1.0;0.0;0.0;0.0;0.0;0.0;0.0;0.0;0.0;0.0;0.0;0.0;0.0;0.0;0.0;0.0;0.0;0.0;0.0;0.0;0.0;0.0;0.0;-0.0;0.0;0.0;0.0;0.0;0.0;0.0;0.0;0.0;0.0;0.0;0.0;0.0;0.0;0.0;-0.0;0.0;0.0;0.0;0.0;-0.0;0.0;0.0;0.0;0.0;0.0;0.0;0.0;-0.0;0.0;-0.0;0.0;0.0;0.0;0.0;0.0;0.0;0.0;-0.0;0.0;0.0;0.0;0.0;-0.0;0.0;-0.0;0.0;0.0;-0.0;0.0;0.0;0.0;0.0;0.0;0.0;-0.0;0.0;0.0;0.0;0.0;-0.0;0.0;0.0;0.0;1.0
Staff 4 - Horizon 20;0.0;0.0;0.0;0.0;0.0;0.0;0.0;0.0;0.0;0.0;0.0;0.0;0.0;0.0;0.0;-0.0;0.0;0.0;0.0;0.0;0.0;0.0;0.0;0.0;0.0;-0.0;0.0;0.0;0.0;0.0;0.0;0.0;0.0;0.0;0.0;0.0;0.0;0.0;0.0;0.0;0.0;0.0;0.0;-0.0;0.0;-0.0;0.0;0.0;0.0;0.0;0.0;0.0;0.0;-0.0;0.0;0.0;0.0;0.0;0.0;0.0;0.0;0.0;0.0;1.0;0.0;0.0;0.0;0.0;0.0;0.0;0.0;0.0;0.0;0.0;0.0;0.0;0.0;0.0;0.0;0.0;0.0;0.0;0.0;0.0;0.0;0.0;-0.0;0.0;0.0;0.0;0.0;0.0;0.0;0.0;0.0;0.0;0.0;0.0;0.0;0.0;0.0;-0.0;0.0;0.0;0.0;0.0;-0.0;0.0;0.0;0.0;0.0;0.0;0.0;0.0;-0.0;0.0;-0.0;0.0;0.0;0.0;0.0;0.0;0.0;0.0;-0.0;0.0;0.0;0.0;0.0;-0.0;0.0;-0.0;0.0;0.0;-0.0;0.0;0.0;0.0;0.0;0.0;0.0;-0.0;0.0;0.0;0.0;0.0;-0.0;0.0;0.0;0.0;1.0
Staff 4 - Horizon 21;0.0;0.0;0.0;0.0;0.0;0.0;0.0;0.0;0.0;0.0;0.0;0.0;0.0;-0.0;0.0;-0.0;0.0;0.0;0.0;0.0;0.0;0.0;0.0;0.0;0.0;-0.0;0.0;0.0;0.0;0.0;0.0;0.0;0.0;0.0;0.0;0.0;0.0;0.0;0.0;0.0;0.0;0.0;0.0;-0.0;0.0;-0.0;0.0;0.0;0.0;0.0;0.0;0.0;0.0;-0.0;0.0;0.0;0.0;0.0;0.0;0.0;0.0;0.0;0.0;1.0;0.0;0.0;0.0;0.0;0.0;0.0;0.0;0.0;0.0;0.0;0.0;0.0;0.0;0.0;0.0;0.0;0.0;0.0;0.0;0.0;0.0;0.0;-0.0;0.0;0.0;0.0;0.0;0.0;0.0;0.0;0.0;0.0;0.0;0.0;0.0;0.0;0.0;-0.0;0.0;0.0;0.0;0.0;-0.0;0.0;0.0;0.0;0.0;0.0;0.0;0.0;-0.0;0.0;-0.0;0.0;0.0;0.0;0.0;0.0;0.0;0.0;-0.0;0.0;0.0;0.0;0.0;-0.0;0.0;-0.0;0.0;0.0;-0.0;0.0;0.0;0.0;0.0;0.0;0.0;-0.0;0.0;0.0;0.0;0.0;-0.0;0.0;0.0;0.0;1.0
Staff 4 - Horizon 22;0.0;0.0;0.0;0.0;0.0;0.0;0.0;0.0;0.0;0.0;0.0;0.0;0.0;-0.0;0.0;-0.0;0.0;0.0;0.0;0.0;0.0;0.0;0.0;0.0;0.0;-0.0;0.0;0.0;0.0;0.0;0.0;0.0;0.0;0.0;0.0;0.0;0.0;0.0;0.0;0.0;0.0;0.0;0.0;-0.0;0.0;-0.0;0.0;0.0;0.0;0.0;0.0;0.0;0.0;-0.0;0.0;0.0;0.0;0.0;0.0;0.0;0.0;0.0;0.0;1.0;0.0;0.0;0.0;0.0;0.0;0.0;0.0;0.0;0.0;0.0;0.0;0.0;0.0;0.0;0.0;0.0;0.0;-0.0;0.0;0.0;0.0;0.0;-0.0;0.0;0.0;0.0;0.0;0.0;0.0;0.0;0.0;0.0;0.0;0.0;0.0;0.0;0.0;-0.0;0.0;0.0;0.0;0.0;-0.0;0.0;0.0;0.0;0.0;0.0;0.0;0.0;-0.0;0.0;-0.0;0.0;0.0;0.0;0.0;0.0;0.0;0.0;-0.0;0.0;0.0;0.0;0.0;-0.0;0.0;-0.0;0.0;0.0;-0.0;0.0;0.0;0.0;0.0;0.0;0.0;-0.0;0.0;0.0;0.0;0.0;-0.0;0.0;0.0;0.0;1.0
Staff 5 - Horizon 1;0.0;0.0;0.0;0.0;0.0;0.0;0.0;0.0;0.0;0.0;0.0;0.0;0.0;0.0;0.0;0.0;0.0;0.0;0.0;0.0;0.0;0.0;0.0;0.0;0.0;0.0;0.0;0.0;0.0;0.0;0.0;0.0;0.0;0.0;0.0;0.0;0.0;0.0;0.0;0.0;0.0;0.0;0.0;0.0;0.0;0.0;0.0;0.0;0.0;0.0;0.0;0.0;0.0;0.0;0.0;0.0;0.0;-0.0;0.0;0.0;-0.0;0.0;0.0;0.0;0.0;0.0;0.0;-0.0;0.0;0.0;-0.0;0.0;0.0;0.0;0.0;0.0;0.0;-0.0;0.0;0.0;0.0;-0.0;0.0;0.0;0.0;0.0;0.0;-0.0;0.0;0.0;0.0;0.0;0.0;0.0;0.0;0.0;0.0;0.0;0.0;0.0;-0.0;-0.0;0.0;0.0;0.0;0.0;0.0;0.0;0.0;0.0;0.0;0.0;0.0;0.0;-0.0;0.0;0.0;0.0;0.0;0.0;0.0;0.0;0.0;0.0;-0.0;0.0;0.0;0.0;0.0;0.0;0.0;1.0;0.0;0.0;0.0;0.0;0.0;0.0;0.0;0.0;0.0;-0.0;0.0;0.0;0.0;0.0;0.0;0.0;0.0;0.0;1.0
Staff 5 - Horizon 2;0.0;0.0;0.0;0.0;0.0;0.0;0.0;0.0;0.0;0.0;0.0;0.0;0.0;0.0;0.0;0.0;0.0;0.0;0.0;0.0;0.0;0.0;0.0;0.0;0.0;0.0;0.0;0.0;0.0;0.0;0.0;0.0;0.0;0.0;0.0;0.0;0.0;0.0;0.0;0.0;0.0;0.0;0.0;0.0;0.0;0.0;0.0;0.0;0.0;0.0;0.0;0.0;0.0;0.0;0.0;0.0;0.0;-0.0;0.0;0.0;-0.0;0.0;0.0;0.0;0.0;0.0;0.0;-0.0;0.0;0.0;-0.0;0.0;0.0;0.0;0.0;0.0;0.0;-0.0;0.0;0.0;0.0;-0.0;0.0;0.0;0.0;0.0;0.0;-0.0;0.0;0.0;-0.0;0.0;0.0;0.0;0.0;0.0;0.0;0.0;0.0;0.0;-0.0;-0.0;0.0;0.0;0.0;0.0;0.0;0.0;0.0;0.0;0.0;0.0;0.0;0.0;0.0;0.0;0.0;0.0;0.0;0.0;0.0;0.0;0.0;0.0;-0.0;0.0;0.0;0.0;0.0;0.0;0.0;-0.0;0.0;0.0;1.0;0.0;0.0;0.0;0.0;0.0;0.0;-0.0;0.0;0.0;0.0;0.0;0.0;0.0;0.0;0.0;1.0
Staff 5 - Horizon 3;0.0;0.0;0.0;0.0;0.0;0.0;0.0;0.0;0.0;0.0;0.0;0.0;0.0;0.0;0.0;0.0;0.0;0.0;0.0;0.0;0.0;0.0;0.0;0.0;0.0;0.0;0.0;0.0;0.0;0.0;0.0;0.0;0.0;0.0;0.0;0.0;0.0;0.0;0.0;0.0;0.0;0.0;0.0;0.0;0.0;0.0;0.0;0.0;0.0;0.0;0.0;0.0;0.0;0.0;0.0;0.0;0.0;-0.0;0.0;0.0;-0.0;0.0;0.0;0.0;0.0;0.0;0.0;-0.0;0.0;0.0;-0.0;0.0;0.0;0.0;0.0;0.0;0.0;-0.0;0.0;0.0;0.0;-0.0;0.0;0.0;0.0;0.0;0.0;-0.0;0.0;0.0;-0.0;0.0;0.0;0.0;0.0;0.0;0.0;0.0;0.0;0.0;0.0;-0.0;0.0;0.0;0.0;0.0;0.0;0.0;0.0;0.0;0.0;0.0;0.0;0.0;-0.0;0.0;0.0;0.0;0.0;0.0;0.0;0.0;0.0;0.0;-0.0;0.0;0.0;0.0;0.0;0.0;0.0;1.0;0.0;0.0;-0.0;0.0;0.0;0.0;0.0;0.0;0.0;-0.0;0.0;0.0;0.0;0.0;0.0;0.0;0.0;0.0;1.0
Staff 5 - Horizon 4;0.0;0.0;0.0;0.0;0.0;0.0;0.0;0.0;0.0;0.0;0.0;0.0;0.0;0.0;0.0;0.0;0.0;0.0;0.0;0.0;0.0;0.0;0.0;0.0;0.0;0.0;0.0;0.0;0.0;0.0;0.0;0.0;0.0;0.0;0.0;0.0;0.0;0.0;0.0;0.0;0.0;0.0;0.0;0.0;0.0;0.0;0.0;0.0;0.0;0.0;0.0;0.0;0.0;0.0;0.0;0.0;0.0;-0.0;0.0;0.0;-0.0;0.0;0.0;0.0;0.0;0.0;0.0;-0.0;0.0;0.0;-0.0;0.0;0.0;0.0;0.0;0.0;0.0;-0.0;0.0;0.0;0.0;-0.0;0.0;0.0;0.0;0.0;0.0;-0.0;0.0;0.0;-0.0;0.0;0.0;0.0;0.0;0.0;0.0;0.0;0.0;0.0;0.0;-0.0;0.0;0.0;0.0;0.0;0.0;0.0;0.0;0.0;0.0;0.0;0.0;0.0;1.0;0.0;0.0;0.0;0.0;0.0;0.0;0.0;0.0;0.0;-0.0;0.0;0.0;0.0;0.0;0.0;0.0;-0.0;0.0;0.0;-0.0;0.0;0.0;0.0;0.0;0.0;0.0;0.0;0.0;0.0;0.0;0.0;0.0;0.0;0.0;0.0;1.0
Staff 5 - Horizon 5;0.0;0.0;0.0;0.0;0.0;0.0;0.0;0.0;0.0;0.0;0.0;0.0;0.0;0.0;0.0;0.0;0.0;0.0;0.0;0.0;0.0;0.0;0.0;0.0;0.0;0.0;0.0;0.0;0.0;0.0;0.0;0.0;0.0;0.0;0.0;0.0;0.0;0.0;0.0;0.0;0.0;0.0;0.0;0.0;0.0;0.0;0.0;0.0;0.0;0.0;0.0;0.0;0.0;0.0;0.0;0.0;0.0;-0.0;0.0;0.0;-0.0;0.0;0.0;0.0;0.0;0.0;0.0;-0.0;0.0;0.0;-0.0;0.0;0.0;0.0;0.0;0.0;0.0;-0.0;0.0;0.0;0.0;-0.0;0.0;0.0;0.0;0.0;0.0;-0.0;0.0;0.0;-0.0;0.0;0.0;0.0;0.0;0.0;0.0;0.0;0.0;0.0;0.0;-0.0;0.0;0.0;0.0;0.0;0.0;0.0;0.0;0.0;0.0;0.0;0.0;0.0;-0.0;0.0;0.0;0.0;0.0;0.0;0.0;0.0;0.0;0.0;-0.0;0.0;0.0;0.0;0.0;0.0;0.0;-0.0;0.0;0.0;1.0;0.0;0.0;0.0;0.0;0.0;0.0;-0.0;0.0;0.0;0.0;0.0;0.0;0.0;0.0;0.0;1.0
Staff 5 - Horizon 6;0.0;0.0;0.0;0.0;0.0;0.0;0.0;0.0;0.0;0.0;0.0;0.0;0.0;0.0;0.0;0.0;0.0;0.0;0.0;0.0;0.0;0.0;0.0;0.0;0.0;0.0;0.0;0.0;0.0;0.0;0.0;0.0;0.0;0.0;0.0;0.0;0.0;0.0;0.0;0.0;0.0;0.0;0.0;0.0;0.0;0.0;0.0;0.0;0.0;0.0;0.0;0.0;0.0;0.0;0.0;0.0;0.0;-0.0;0.0;0.0;-0.0;0.0;0.0;0.0;0.0;0.0;0.0;-0.0;0.0;0.0;-0.0;0.0;0.0;0.0;0.0;0.0;0.0;-0.0;0.0;0.0;0.0;-0.0;0.0;0.0;0.0;0.0;0.0;-0.0;0.0;0.0;-0.0;0.0;0.0;0.0;0.0;0.0;0.0;0.0;0.0;0.0;-0.0;-0.0;0.0;0.0;0.0;0.0;0.0;0.0;0.0;0.0;0.0;0.0;0.0;0.0;-0.0;0.0;0.0;0.0;0.0;0.0;0.0;0.0;0.0;0.0;-0.0;0.0;0.0;0.0;0.0;0.0;0.0;1.0;0.0;0.0;0.0;0.0;0.0;0.0;0.0;0.0;0.0;-0.0;0.0;0.0;0.0;0.0;0.0;0.0;0.0;0.0;1.0
Staff 5 - Horizon 7;0.0;0.0;0.0;0.0;0.0;0.0;0.0;0.0;0.0;0.0;0.0;0.0;0.0;0.0;0.0;0.0;0.0;0.0;0.0;0.0;0.0;0.0;0.0;0.0;0.0;0.0;0.0;0.0;0.0;0.0;0.0;0.0;0.0;0.0;0.0;0.0;0.0;0.0;0.0;0.0;0.0;0.0;0.0;0.0;0.0;0.0;0.0;0.0;0.0;0.0;0.0;0.0;0.0;0.0;0.0;0.0;0.0;-0.0;0.0;0.0;-0.0;0.0;0.0;0.0;0.0;0.0;0.0;-0.0;0.0;0.0;-0.0;0.0;0.0;0.0;0.0;0.0;0.0;-0.0;0.0;0.0;0.0;-0.0;0.0;0.0;0.0;0.0;0.0;-0.0;0.0;0.0;-0.0;0.0;0.0;0.0;0.0;0.0;0.0;0.0;0.0;0.0;-0.0;-0.0;0.0;0.0;0.0;0.0;0.0;0.0;0.0;0.0;0.0;0.0;0.0;0.0;-0.0;0.0;0.0;0.0;0.0;0.0;0.0;0.0;0.0;0.0;-0.0;0.0;0.0;0.0;0.0;0.0;0.0;-0.0;0.0;0.0;1.0;0.0;0.0;0.0;0.0;0.0;0.0;-0.0;0.0;0.0;0.0;0.0;0.0;0.0;0.0;0.0;1.0
Staff 5 - Horizon 8;0.0;0.0;0.0;0.0;0.0;0.0;0.0;0.0;0.0;0.0;0.0;0.0;0.0;0.0;0.0;0.0;0.0;0.0;0.0;0.0;0.0;0.0;0.0;0.0;0.0;0.0;0.0;0.0;0.0;0.0;0.0;0.0;0.0;0.0;0.0;0.0;0.0;0.0;0.0;0.0;0.0;0.0;0.0;0.0;0.0;0.0;0.0;0.0;0.0;0.0;0.0;0.0;0.0;0.0;0.0;0.0;0.0;-0.0;0.0;0.0;-0.0;0.0;0.0;0.0;0.0;0.0;0.0;-0.0;0.0;0.0;-0.0;0.0;0.0;0.0;0.0;0.0;0.0;-0.0;0.0;0.0;0.0;-0.0;0.0;0.0;0.0;0.0;0.0;-0.0;0.0;0.0;-0.0;0.0;0.0;0.0;0.0;0.0;0.0;0.0;0.0;0.0;-0.0;-0.0;0.0;0.0;0.0;0.0;0.0;0.0;0.0;0.0;0.0;0.0;0.0;0.0;-0.0;0.0;0.0;0.0;0.0;0.0;0.0;0.0;0.0;0.0;-0.0;0.0;0.0;0.0;0.0;0.0;0.0;1.0;0.0;0.0;-0.0;0.0;0.0;0.0;0.0;0.0;0.0;-0.0;0.0;0.0;0.0;0.0;0.0;0.0;0.0;0.0;1.0
Staff 5 - Horizon 9;0.0;0.0;0.0;0.0;0.0;0.0;0.0;0.0;0.0;0.0;0.0;0.0;0.0;0.0;0.0;0.0;0.0;0.0;0.0;0.0;0.0;0.0;0.0;0.0;0.0;0.0;0.0;0.0;0.0;0.0;0.0;0.0;0.0;0.0;0.0;0.0;0.0;0.0;0.0;0.0;0.0;0.0;0.0;0.0;0.0;0.0;0.0;0.0;0.0;0.0;0.0;0.0;0.0;0.0;0.0;0.0;0.0;-0.0;0.0;0.0;-0.0;0.0;0.0;0.0;0.0;0.0;0.0;-0.0;0.0;0.0;-0.0;0.0;0.0;0.0;0.0;0.0;0.0;-0.0;0.0;0.0;0.0;-0.0;0.0;0.0;0.0;0.0;0.0;-0.0;0.0;0.0;-0.0;0.0;0.0;0.0;0.0;0.0;0.0;0.0;0.0;0.0;-0.0;-0.0;0.0;0.0;0.0;0.0;0.0;0.0;0.0;0.0;0.0;0.0;0.0;0.0;1.0;0.0;0.0;0.0;0.0;0.0;0.0;0.0;0.0;0.0;-0.0;0.0;0.0;0.0;0.0;0.0;0.0;-0.0;0.0;0.0;0.0;0.0;0.0;0.0;0.0;0.0;0.0;-0.0;0.0;0.0;0.0;0.0;0.0;0.0;0.0;0.0;1.0
Staff 5 - Horizon 10;0.0;0.0;0.0;0.0;0.0;0.0;0.0;0.0;0.0;0.0;0.0;0.0;0.0;0.0;0.0;0.0;0.0;0.0;0.0;0.0;0.0;0.0;0.0;0.0;0.0;0.0;0.0;0.0;0.0;0.0;0.0;0.0;0.0;0.0;0.0;0.0;0.0;0.0;0.0;0.0;0.0;0.0;0.0;0.0;0.0;0.0;0.0;0.0;0.0;0.0;0.0;0.0;0.0;0.0;0.0;0.0;0.0;-0.0;0.0;0.0;-0.0;0.0;0.0;0.0;0.0;0.0;0.0;-0.0;0.0;0.0;-0.0;0.0;0.0;0.0;0.0;0.0;0.0;-0.0;0.0;0.0;0.0;-0.0;0.0;0.0;0.0;0.0;0.0;-0.0;0.0;0.0;-0.0;0.0;0.0;0.0;0.0;0.0;0.0;0.0;0.0;0.0;0.0;-0.0;0.0;0.0;0.0;0.0;0.0;0.0;0.0;0.0;0.0;0.0;0.0;0.0;1.0;0.0;0.0;0.0;0.0;0.0;0.0;0.0;0.0;0.0;-0.0;0.0;0.0;0.0;0.0;0.0;0.0;0.0;0.0;0.0;-0.0;0.0;0.0;0.0;0.0;0.0;0.0;-0.0;0.0;0.0;0.0;0.0;0.0;0.0;0.0;0.0;1.0
Staff 5 - Horizon 11;0.0;0.0;0.0;0.0;0.0;0.0;0.0;0.0;0.0;0.0;0.0;0.0;0.0;0.0;0.0;0.0;0.0;0.0;0.0;0.0;0.0;0.0;0.0;0.0;0.0;0.0;0.0;0.0;0.0;0.0;0.0;0.0;0.0;0.0;0.0;0.0;0.0;0.0;0.0;0.0;0.0;0.0;0.0;0.0;0.0;0.0;0.0;0.0;0.0;0.0;0.0;0.0;0.0;0.0;0.0;0.0;0.0;1.0;0.0;0.0;-0.0;0.0;0.0;0.0;0.0;0.0;0.0;-0.0;0.0;0.0;-0.0;0.0;0.0;0.0;0.0;0.0;0.0;-0.0;0.0;0.0;0.0;-0.0;0.0;0.0;0.0;0.0;0.0;-0.0;0.0;0.0;0.0;0.0;0.0;0.0;0.0;0.0;0.0;0.0;0.0;0.0;-0.0;-0.0;0.0;0.0;0.0;0.0;0.0;0.0;0.0;0.0;0.0;0.0;0.0;0.0;-0.0;0.0;0.0;0.0;0.0;0.0;0.0;0.0;0.0;0.0;-0.0;0.0;0.0;0.0;0.0;0.0;0.0;0.0;0.0;0.0;-0.0;0.0;0.0;0.0;0.0;0.0;0.0;-0.0;0.0;0.0;0.0;0.0;0.0;0.0;0.0;0.0;1.0
Staff 5 - Horizon 12;0.0;0.0;0.0;0.0;0.0;0.0;0.0;0.0;0.0;0.0;0.0;0.0;0.0;0.0;0.0;0.0;0.0;0.0;0.0;0.0;0.0;0.0;0.0;0.0;0.0;0.0;0.0;0.0;0.0;0.0;0.0;0.0;0.0;0.0;0.0;0.0;0.0;0.0;0.0;0.0;0.0;0.0;0.0;0.0;0.0;0.0;0.0;0.0;0.0;0.0;0.0;0.0;0.0;0.0;0.0;0.0;0.0;-0.0;0.0;0.0;-0.0;0.0;0.0;0.0;0.0;0.0;0.0;-0.0;0.0;0.0;-0.0;0.0;0.0;0.0;0.0;0.0;0.0;-0.0;0.0;0.0;0.0;-0.0;0.0;0.0;0.0;0.0;0.0;-0.0;0.0;0.0;0.0;0.0;0.0;0.0;0.0;0.0;0.0;0.0;0.0;0.0;0.0;-0.0;0.0;0.0;0.0;0.0;0.0;0.0;0.0;0.0;0.0;0.0;0.0;0.0;-0.0;0.0;0.0;0.0;0.0;0.0;0.0;0.0;0.0;0.0;-0.0;0.0;0.0;0.0;0.0;0.0;0.0;-0.0;0.0;0.0;1.0;0.0;0.0;0.0;0.0;0.0;0.0;-0.0;0.0;0.0;0.0;0.0;0.0;0.0;0.0;0.0;1.0
Staff 5 - Horizon 13;0.0;0.0;0.0;0.0;0.0;0.0;0.0;0.0;0.0;0.0;0.0;0.0;0.0;0.0;0.0;0.0;0.0;0.0;0.0;0.0;0.0;0.0;0.0;0.0;0.0;0.0;0.0;0.0;0.0;0.0;0.0;0.0;0.0;0.0;0.0;0.0;0.0;0.0;0.0;0.0;0.0;0.0;0.0;0.0;0.0;0.0;0.0;0.0;0.0;0.0;0.0;0.0;0.0;0.0;0.0;0.0;0.0;1.0;0.0;0.0;-0.0;0.0;0.0;0.0;0.0;0.0;0.0;-0.0;0.0;0.0;-0.0;0.0;0.0;0.0;0.0;0.0;0.0;-0.0;0.0;0.0;0.0;-0.0;0.0;0.0;0.0;0.0;0.0;-0.0;0.0;0.0;0.0;0.0;0.0;0.0;0.0;0.0;0.0;0.0;0.0;0.0;0.0;-0.0;0.0;0.0;0.0;0.0;0.0;0.0;0.0;0.0;0.0;0.0;0.0;0.0;-0.0;0.0;0.0;0.0;0.0;0.0;0.0;0.0;0.0;0.0;-0.0;0.0;0.0;0.0;0.0;0.0;0.0;-0.0;0.0;0.0;-0.0;0.0;0.0;0.0;0.0;0.0;0.0;0.0;0.0;0.0;0.0;0.0;0.0;0.0;0.0;0.0;1.0
Staff 5 - Horizon 14;0.0;0.0;0.0;0.0;0.0;0.0;0.0;0.0;0.0;0.0;0.0;0.0;0.0;0.0;0.0;0.0;0.0;0.0;0.0;0.0;0.0;0.0;0.0;0.0;0.0;0.0;0.0;0.0;0.0;0.0;0.0;0.0;0.0;0.0;0.0;0.0;0.0;0.0;0.0;0.0;0.0;0.0;0.0;0.0;0.0;0.0;0.0;0.0;0.0;0.0;0.0;0.0;0.0;0.0;0.0;0.0;0.0;1.0;0.0;0.0;-0.0;0.0;0.0;0.0;0.0;0.0;0.0;-0.0;0.0;0.0;-0.0;0.0;0.0;0.0;0.0;0.0;0.0;-0.0;0.0;0.0;0.0;-0.0;0.0;0.0;0.0;0.0;0.0;-0.0;0.0;0.0;0.0;0.0;0.0;0.0;0.0;0.0;0.0;0.0;0.0;0.0;0.0;-0.0;0.0;0.0;0.0;0.0;0.0;0.0;0.0;0.0;0.0;0.0;0.0;0.0;-0.0;0.0;0.0;0.0;0.0;0.0;0.0;0.0;0.0;0.0;0.0;0.0;0.0;0.0;0.0;0.0;0.0;-0.0;0.0;0.0;-0.0;0.0;0.0;0.0;0.0;0.0;0.0;0.0;0.0;0.0;0.0;0.0;0.0;0.0;0.0;0.0;1.0
Staff 5 - Horizon 15;0.0;0.0;0.0;0.0;0.0;0.0;0.0;0.0;0.0;0.0;0.0;0.0;0.0;0.0;0.0;0.0;0.0;0.0;0.0;0.0;0.0;0.0;0.0;0.0;0.0;0.0;0.0;0.0;0.0;0.0;0.0;0.0;0.0;0.0;0.0;0.0;0.0;0.0;0.0;0.0;0.0;0.0;0.0;0.0;0.0;0.0;0.0;0.0;0.0;0.0;0.0;0.0;0.0;0.0;0.0;0.0;0.0;0.0;0.0;0.0;0.0;0.0;0.0;0.0;0.0;0.0;0.0;0.0;0.0;0.0;0.0;0.0;0.0;0.0;0.0;0.0;0.0;0.0;0.0;0.0;0.0;0.0;0.0;0.0;0.0;0.0;0.0;0.0;0.0;0.0;0.0;0.0;0.0;0.0;0.0;0.0;0.0;0.0;0.0;0.0;0.0;0.0;0.0;0.0;0.0;0.0;0.0;0.0;0.0;0.0;0.0;0.0;0.0;0.0;0.0;0.0;0.0;0.0;0.0;0.0;0.0;0.0;0.0;0.0;0.0;0.0;0.0;0.0;0.0;0.0;0.0;0.0;0.0;0.0;0.0;0.0;0.0;0.0;0.0;0.0;0.0;0.0;0.0;0.0;0.0;0.0;0.0;0.0;0.0;0.0;0.0
Staff 5 - Horizon 16;0.0;0.0;0.0;0.0;0.0;0.0;0.0;0.0;0.0;0.0;0.0;0.0;0.0;0.0;0.0;0.0;0.0;0.0;0.0;0.0;0.0;0.0;0.0;0.0;0.0;0.0;0.0;0.0;0.0;0.0;0.0;0.0;0.0;0.0;0.0;0.0;0.0;0.0;0.0;0.0;0.0;0.0;0.0;0.0;0.0;0.0;0.0;0.0;0.0;0.0;0.0;0.0;0.0;0.0;0.0;0.0;0.0;0.0;0.0;0.0;0.0;0.0;0.0;0.0;0.0;0.0;0.0;0.0;0.0;0.0;0.0;0.0;0.0;0.0;0.0;0.0;0.0;0.0;0.0;0.0;0.0;0.0;0.0;0.0;0.0;0.0;0.0;0.0;0.0;0.0;0.0;0.0;0.0;0.0;0.0;0.0;0.0;0.0;0.0;0.0;0.0;0.0;0.0;0.0;0.0;0.0;0.0;0.0;0.0;0.0;0.0;0.0;0.0;0.0;0.0;0.0;0.0;0.0;0.0;0.0;0.0;0.0;0.0;0.0;0.0;0.0;0.0;0.0;0.0;0.0;0.0;0.0;0.0;0.0;0.0;0.0;0.0;0.0;0.0;0.0;0.0;0.0;0.0;0.0;0.0;0.0;0.0;0.0;0.0;0.0;0.0
Staff 5 - Horizon 17;0.0;0.0;0.0;0.0;0.0;0.0;0.0;0.0;0.0;0.0;0.0;0.0;0.0;0.0;0.0;0.0;0.0;0.0;0.0;0.0;0.0;0.0;0.0;0.0;0.0;0.0;0.0;0.0;0.0;0.0;0.0;0.0;0.0;0.0;0.0;0.0;0.0;0.0;0.0;0.0;0.0;0.0;0.0;0.0;0.0;0.0;0.0;0.0;0.0;0.0;0.0;0.0;0.0;0.0;0.0;0.0;0.0;0.0;0.0;0.0;-0.0;0.0;0.0;0.0;0.0;0.0;0.0;-0.0;0.0;0.0;-0.0;0.0;0.0;0.0;0.0;0.0;0.0;-0.0;0.0;0.0;0.0;-0.0;0.0;0.0;0.0;0.0;0.0;1.0;0.0;0.0;0.0;0.0;0.0;0.0;0.0;0.0;0.0;0.0;0.0;0.0;0.0;-0.0;0.0;0.0;0.0;0.0;0.0;0.0;0.0;0.0;0.0;0.0;0.0;0.0;-0.0;0.0;0.0;0.0;0.0;0.0;0.0;0.0;0.0;0.0;-0.0;0.0;0.0;0.0;0.0;0.0;0.0;-0.0;0.0;0.0;-0.0;0.0;0.0;0.0;0.0;0.0;0.0;-0.0;0.0;0.0;0.0;0.0;0.0;0.0;0.0;0.0;1.0
Staff 5 - Horizon 18;0.0;0.0;0.0;0.0;0.0;0.0;0.0;0.0;0.0;0.0;0.0;0.0;0.0;0.0;0.0;0.0;0.0;0.0;0.0;0.0;0.0;0.0;0.0;0.0;0.0;0.0;0.0;0.0;0.0;0.0;0.0;0.0;0.0;0.0;0.0;0.0;0.0;0.0;0.0;0.0;0.0;0.0;0.0;0.0;0.0;0.0;0.0;0.0;0.0;0.0;0.0;0.0;0.0;0.0;0.0;0.0;0.0;-0.0;0.0;0.0;-0.0;0.0;0.0;0.0;0.0;0.0;0.0;1.0;0.0;0.0;-0.0;0.0;0.0;0.0;0.0;0.0;0.0;-0.0;0.0;0.0;0.0;-0.0;0.0;0.0;0.0;0.0;0.0;0.0;0.0;0.0;0.0;0.0;0.0;0.0;0.0;0.0;0.0;0.0;0.0;0.0;0.0;-0.0;0.0;0.0;0.0;0.0;0.0;0.0;0.0;0.0;0.0;0.0;0.0;0.0;-0.0;0.0;0.0;0.0;0.0;0.0;0.0;0.0;0.0;0.0;-0.0;0.0;0.0;0.0;0.0;0.0;0.0;-0.0;0.0;0.0;-0.0;0.0;0.0;0.0;0.0;0.0;0.0;-0.0;0.0;0.0;0.0;0.0;0.0;0.0;0.0;0.0;1.0
Staff 5 - Horizon 19;0.0;0.0;0.0;0.0;0.0;0.0;0.0;0.0;0.0;0.0;0.0;0.0;0.0;0.0;0.0;0.0;0.0;0.0;0.0;0.0;0.0;0.0;0.0;0.0;0.0;0.0;0.0;0.0;0.0;0.0;0.0;0.0;0.0;0.0;0.0;0.0;0.0;0.0;0.0;0.0;0.0;0.0;0.0;0.0;0.0;0.0;0.0;0.0;0.0;0.0;0.0;0.0;0.0;0.0;0.0;0.0;0.0;-0.0;0.0;0.0;-0.0;0.0;0.0;0.0;0.0;0.0;0.0;0.0;0.0;0.0;-0.0;0.0;0.0;0.0;0.0;0.0;0.0;-0.0;0.0;0.0;0.0;1.0;0.0;0.0;0.0;0.0;0.0;0.0;0.0;0.0;-0.0;0.0;0.0;0.0;0.0;0.0;0.0;0.0;0.0;0.0;0.0;-0.0;0.0;0.0;0.0;0.0;0.0;0.0;0.0;0.0;0.0;0.0;0.0;0.0;-0.0;0.0;0.0;0.0;0.0;0.0;0.0;0.0;0.0;0.0;-0.0;0.0;0.0;0.0;0.0;0.0;0.0;-0.0;0.0;0.0;-0.0;0.0;0.0;0.0;0.0;0.0;0.0;-0.0;0.0;0.0;0.0;0.0;0.0;0.0;0.0;0.0;1.0
Staff 5 - Horizon 20;0.0;0.0;0.0;0.0;0.0;0.0;0.0;0.0;0.0;0.0;0.0;0.0;0.0;0.0;0.0;0.0;0.0;0.0;0.0;0.0;0.0;0.0;0.0;0.0;0.0;0.0;0.0;0.0;0.0;0.0;0.0;0.0;0.0;0.0;0.0;0.0;0.0;0.0;0.0;0.0;0.0;0.0;0.0;0.0;0.0;0.0;0.0;0.0;0.0;0.0;0.0;0.0;0.0;0.0;0.0;0.0;0.0;-0.0;0.0;0.0;0.0;0.0;0.0;0.0;0.0;0.0;0.0;1.0;0.0;0.0;-0.0;0.0;0.0;0.0;0.0;0.0;0.0;-0.0;0.0;0.0;0.0;0.0;0.0;0.0;0.0;0.0;0.0;-0.0;0.0;0.0;-0.0;0.0;0.0;0.0;0.0;0.0;0.0;0.0;0.0;0.0;0.0;-0.0;0.0;0.0;0.0;0.0;0.0;0.0;0.0;0.0;0.0;0.0;0.0;0.0;-0.0;0.0;0.0;0.0;0.0;0.0;0.0;0.0;0.0;0.0;-0.0;0.0;0.0;0.0;0.0;0.0;0.0;-0.0;0.0;0.0;-0.0;0.0;0.0;0.0;0.0;0.0;0.0;0.0;0.0;0.0;0.0;0.0;0.0;0.0;0.0;0.0;1.0
Staff 5 - Horizon 21;0.0;0.0;0.0;0.0;0.0;0.0;0.0;0.0;0.0;0.0;0.0;0.0;0.0;0.0;0.0;0.0;0.0;0.0;0.0;0.0;0.0;0.0;0.0;0.0;0.0;0.0;0.0;0.0;0.0;0.0;0.0;0.0;0.0;0.0;0.0;0.0;0.0;0.0;0.0;0.0;0.0;0.0;0.0;0.0;0.0;0.0;0.0;0.0;0.0;0.0;0.0;0.0;0.0;0.0;0.0;0.0;0.0;-0.0;0.0;0.0;1.0;0.0;0.0;0.0;0.0;0.0;0.0;0.0;0.0;0.0;-0.0;0.0;0.0;0.0;0.0;0.0;0.0;-0.0;0.0;0.0;0.0;-0.0;0.0;0.0;0.0;0.0;0.0;0.0;0.0;0.0;-0.0;0.0;0.0;0.0;0.0;0.0;0.0;0.0;0.0;0.0;0.0;-0.0;0.0;0.0;0.0;0.0;0.0;0.0;0.0;0.0;0.0;0.0;0.0;0.0;-0.0;0.0;0.0;0.0;0.0;0.0;0.0;0.0;0.0;0.0;-0.0;0.0;0.0;0.0;0.0;0.0;0.0;-0.0;0.0;0.0;-0.0;0.0;0.0;0.0;0.0;0.0;0.0;0.0;0.0;0.0;0.0;0.0;0.0;0.0;0.0;0.0;1.0
Staff 5 - Horizon 22;0.0;0.0;0.0;0.0;0.0;0.0;0.0;0.0;0.0;0.0;0.0;0.0;0.0;0.0;0.0;0.0;0.0;0.0;0.0;0.0;0.0;0.0;0.0;0.0;0.0;0.0;0.0;0.0;0.0;0.0;0.0;0.0;0.0;0.0;0.0;0.0;0.0;0.0;0.0;0.0;0.0;0.0;0.0;0.0;0.0;0.0;0.0;0.0;0.0;0.0;0.0;0.0;0.0;0.0;0.0;0.0;0.0;-0.0;0.0;0.0;-0.0;0.0;0.0;0.0;0.0;0.0;0.0;1.0;0.0;0.0;-0.0;0.0;0.0;0.0;0.0;0.0;0.0;-0.0;0.0;0.0;0.0;-0.0;0.0;0.0;0.0;0.0;0.0;-0.0;0.0;0.0;-0.0;0.0;0.0;0.0;0.0;0.0;0.0;0.0;0.0;0.0;-0.0;-0.0;0.0;0.0;0.0;0.0;0.0;0.0;0.0;0.0;0.0;0.0;0.0;0.0;-0.0;0.0;0.0;0.0;0.0;0.0;0.0;0.0;0.0;0.0;-0.0;0.0;0.0;0.0;0.0;0.0;0.0;-0.0;0.0;0.0;-0.0;0.0;0.0;0.0;0.0;0.0;0.0;-0.0;0.0;0.0;0.0;0.0;0.0;0.0;0.0;0.0;1.0
sum_row;0.0;0.0;4.0;0.0;0.0;0.0;0.0;0.0;4.0;0.0;0.0;0.0;0.0;0.0;0.0;0.0;0.0;0.0;0.0;0.0;0.0;0.0;4.0;0.0;0.0;1.0;0.0;0.0;0.0;0.0;0.0;0.0;6.0;0.0;0.0;0.0;0.0;0.0;0.0;0.0;0.0;0.0;0.0;8.0;0.0;4.0;0.0;0.0;3.0;0.0;0.0;0.0;0.0;4.0;0.0;0.0;0.0;5.0;0.0;0.0;1.0;0.0;0.0;5.0;0.0;0.0;0.0;5.0;0.0;0.0;0.0;0.0;0.0;0.0;0.0;0.0;0.0;0.0;0.0;0.0;0.0;3.0;0.0;0.0;0.0;0.0;2.0;4.0;0.0;0.0;0.0;0.0;0.0;0.0;0.0;0.0;0.0;0.0;0.0;0.0;0.0;0.0;0.0;0.0;0.0;0.0;0.0;0.0;0.0;0.0;0.0;0.0;0.0;0.0;3.0;0.0;6.0;0.0;0.0;0.0;0.0;0.0;0.0;0.0;8.0;0.0;0.0;0.0;0.0;4.0;0.0;4.0;0.0;0.0;4.0;0.0;0.0;0.0;0.0;0.0;0.0;4.0;0.0;0.0;0.0;0.0;4.0;0.0;0.0;0.0;100.0
